--
-- PostgreSQL database dump
--

-- Dumped from database version 12.2
-- Dumped by pg_dump version 12.2

-- Started on 2020-06-29 00:24:40

SET statement_timeout = 0;
SET lock_timeout = 0;
SET idle_in_transaction_session_timeout = 0;
SET client_encoding = 'UTF8';
SET standard_conforming_strings = on;
SELECT pg_catalog.set_config('search_path', '', false);
SET check_function_bodies = false;
SET xmloption = content;
SET client_min_messages = warning;
SET row_security = off;

--
-- TOC entry 2907 (class 0 OID 405508)
-- Dependencies: 209
-- Data for Name: site; Type: TABLE DATA; Schema: testdb; Owner: postgres
--

INSERT INTO testdb.site (id, departement, description, is_officiel_les_amis_de_lescalade, nom) VALUES (1, 'haute_savoie', 'sem semper erat, in consectetuer ipsum nunc id enim. Curabitur massa. Vestibulum accumsan neque et nunc. Quisque ornare tortor at risus. Nunc ac sem ut dolor dapibus gravida. Aliquam tincidunt, nunc ac mattis ornare, lectus ante dictum mi, ac mattis velit justo nec ante. Maecenas mi felis, adipiscing fringilla, porttitor vulputate, posuere vulputate, lacus. Cras interdum. Nunc sollicitudin commodo ipsum. Suspendisse non leo. Vivamus nibh dolor, nonummy ac, feugiat non, lobortis quis, pede. Suspendisse dui. Fusce diam nunc, ullamcorper', true, 'Ablon');
INSERT INTO testdb.site (id, departement, description, is_officiel_les_amis_de_lescalade, nom) VALUES (2, 'hautes_alpes', 'sem elit, pharetra ut, pharetra sed, hendrerit a, arcu. Sed et libero. Proin mi. Aliquam gravida mauris ut mi. Duis risus odio, auctor vitae, aliquet nec, imperdiet nec, leo. Morbi neque tellus, imperdiet non, vestibulum nec, euismod in, dolor. Fusce feugiat. Lorem ipsum dolor sit amet, consectetuer adipiscing', false, 'Ailefroide');
INSERT INTO testdb.site (id, departement, description, is_officiel_les_amis_de_lescalade, nom) VALUES (3, 'alpes_de_haute_provence', 'pede et risus. Quisque libero lacus, varius et, euismod et, commodo at, libero. Morbi accumsan laoreet ipsum. Curabitur consequat, lectus sit amet luctus vulputate, nisi sem semper erat, in consectetuer ipsum nunc id enim. Curabitur massa. Vestibulum accumsan neque et nunc. Quisque ornare tortor at risus. Nunc ac sem ut dolor dapibus gravida. Aliquam tincidunt, nunc ac mattis ornare, lectus ante dictum mi, ac mattis velit justo nec ante. Maecenas mi felis, adipiscing fringilla, porttitor vulputate, posuere vulputate, lacus. Cras interdum. Nunc sollicitudin commodo ipsum. Suspendisse non leo. Vivamus nibh', false, 'Annot');
INSERT INTO testdb.site (id, departement, description, is_officiel_les_amis_de_lescalade, nom) VALUES (4, 'pyrenees_atlantique', 'ac turpis egestas. Fusce aliquet magna a neque. Nullam ut nisi a odio semper cursus. Integer mollis. Integer tincidunt aliquam arcu. Aliquam ultrices iaculis odio. Nam interdum enim non nisi. Aenean eget metus. In nec orci. Donec nibh. Quisque nonummy ipsum non arcu. Vivamus sit amet risus. Donec egestas. Aliquam nec enim. Nunc ut erat. Sed nunc est, mollis non, cursus non, egestas a, dui. Cras pellentesque. Sed dictum.', false, 'Arudy');
INSERT INTO testdb.site (id, departement, description, is_officiel_les_amis_de_lescalade, nom) VALUES (5, 'lot', 'augue scelerisque mollis. Phasellus libero mauris, aliquam eu, accumsan sed, facilisis vitae, orci. Phasellus dapibus quam quis diam. Pellentesque habitant morbi tristique senectus et netus et malesuada fames ac turpis egestas. Fusce aliquet magna a neque. Nullam ut nisi a odio semper cursus. Integer mollis. Integer tincidunt aliquam arcu. Aliquam ultrices iaculis odio. Nam interdum enim non nisi. Aenean eget metus. In nec orci. Donec nibh. Quisque', true, 'Autoire');
INSERT INTO testdb.site (id, departement, description, is_officiel_les_amis_de_lescalade, nom) VALUES (6, 'corse_du_sud', 'Curae; Phasellus ornare. Fusce mollis. Duis sit amet diam eu dolor egestas rhoncus. Proin nisl sem, consequat nec, mollis vitae, posuere at, velit. Cras lorem lorem, luctus ut, pellentesque eget, dictum placerat, augue. Sed molestie. Sed id risus quis diam luctus lobortis. Class aptent taciti sociosqu ad litora torquent per conubia nostra, per inceptos hymenaeos. Mauris ut quam vel sapien imperdiet ornare. In faucibus. Morbi vehicula. Pellentesque tincidunt tempus risus. Donec egestas. Duis acs', true, 'Bavella');
INSERT INTO testdb.site (id, departement, description, is_officiel_les_amis_de_lescalade, nom) VALUES (7, 'haut_rhin', 'morbi tristique senectus et netus et malesuada fames ac turpis egestas. Aliquam fringilla cursus purus. Nullam scelerisque neque sed sem egestas blandit. Nam nulla magna, malesuada vel, convallis in, cursus et, eros. Proin ultrices. Duis volutpat nunc sit amet metus. Aliquam erat volutpat. Nulla facilisis. Suspendisse commodo tincidunt nibh. Phasellus nulla. Integer vulputate, risus a ultricies adipiscing, enim mi tempor lorem, eget mollis', false, 'Bergholtz');
INSERT INTO testdb.site (id, departement, description, is_officiel_les_amis_de_lescalade, nom) VALUES (8, 'haute_savoie', 'adipiscing. Mauris molestie pharetra nibh. Aliquam ornare, libero at auctor ullamcorper, nisl arcu iaculis enim, sit amet ornare lectus justo eu arcu. Morbi sit amet massa. Quisque porttitor eros nec tellus. Nunc lectus pede,', false, 'Bionnasay');
INSERT INTO testdb.site (id, departement, description, is_officiel_les_amis_de_lescalade, nom) VALUES (9, 'vaucluse', 'Suspendisse non leo. Vivamus nibh dolor, nonummy ac, feugiat non, lobortis quis, pede. Suspendisse dui. Fusce diam nunc, ullamcorper eu, euismod ac, fermentum vel, mauris. Integer sem elit, pharetra ut, pharetra sed, hendrerit a, arcu. Sed et libero. Proin mi. Aliquam gravida mauris ut mi. Duis risus odio, auctor vitae, aliquet nec, imperdiet nec, leo. Morbi neque tellus, imperdiet non, vestibulum nec, euismod in, dolor. Fusce feugiat. Lorem ipsum dolor sit amet, consectetuer adipiscing elit. Aliquam auctor, velit eget laoreet posuere, enim nisl elementum purus, accumsan interdum libero dui nec', true, 'Buoux');
INSERT INTO testdb.site (id, departement, description, is_officiel_les_amis_de_lescalade, nom) VALUES (10, 'aveyron', 'tempor arcu. Vestibulum ut eros non enim commodo hendrerit. Donec porttitor tellus non magna. Nam ligula elit, pretium et, rutrum non, hendrerit id, ante. Nunc mauris sapien, cursus in, hendrerit consectetuer, cursus et, magna. Praesent interdum ligula eu enim. Etiam imperdiet dictum magna. Ut tincidunt orci quis lectus. Nullam suscipit, est ac facilisis facilisis, magna tellus faucibus leo, in lobortis tellus justo sit amet nulla. Donec non justo. Proin non massa non ante bibendum ullamcorper. Duis cursus, diam at pretium aliquet, metus', true, 'Cantobre');
INSERT INTO testdb.site (id, departement, description, is_officiel_les_amis_de_lescalade, nom) VALUES (11, 'var', 'eu dolor egestas rhoncus. Proin nisl sem, consequat nec, mollis vitae, posuere at, velit. Cras lorem lorem, luctus ut, pellentesque eget, dictum placerat, augue. Sed molestie. Sed id risus quis diam luctus lobortis. Class aptent taciti sociosqu ad litora torquent per conubia nostra, per inceptos hymenaeos. Mauris ut quam vel sapien imperdiet ornare. In faucibus. Morbi vehicula. Pellentesque tincidunt tempus risus. Donec egestas. Duis ac arcu. Nunc mauris. Morbi non sapien molestie orci tincidunt adipiscing. Mauris molestie pharetra nibh. Aliquam ornare, libero at auctor ullamcorper, nisl arcu iaculis enim, sit amet ornare lectus justo eu', false, 'Cap Dramont');
INSERT INTO testdb.site (id, departement, description, is_officiel_les_amis_de_lescalade, nom) VALUES (12, 'alpes_maritimes', 'nec tempus scelerisque, lorem ipsum sodales purus, in molestie tortor nibh sit amet orci. Ut sagittis lobortis mauris. Suspendisse aliquet molestie tellus. Aenean egestas hendrerit neque. In ornare sagittis felis. Donec tempor, est ac mattis semper, dui lectus rutrum urna, nec luctus felis purus ac tellus. Suspendisse sed dolor. Fusce mi lorem, vehicula et, rutrum eu, ultrices sit amet, risus. Donec nibh enim, gravida sit amet, dapibus id, blandit at, nisi.', true, 'Castillon');
INSERT INTO testdb.site (id, departement, description, is_officiel_les_amis_de_lescalade, nom) VALUES (13, 'ardeche', 'ligula eu enim. Etiam imperdiet dictum magna. Ut tincidunt orci quis lectus. Nullam suscipit, est ac facilisis facilisis, magna tellus faucibus leo, in lobortis tellus justo sit amet nulla. Donec non justo. Proin non massa non ante bibendum ullamcorper. Duis cursus, diam at pretium aliquet, metus urna convallis', false, 'Chamiers');
INSERT INTO testdb.site (id, departement, description, is_officiel_les_amis_de_lescalade, nom) VALUES (14, 'herault', 'lectus convallis est, vitae sodales nisi magna sed dui. Fusce aliquam, enim nec tempus scelerisque, lorem ipsum sodales purus, in molestie tortor nibh sit amet orci. Ut sagittis lobortis mauris. Suspendisse aliquet molestie tellus. Aenean egestas hendrerit neque. In ornare sagittis felis. Donec tempor, est ac mattis semper, dui lectus rutrum urna, nec luctus felis purus ac tellus. Suspendisse sed dolor. Fusce mi lorem, vehicula et, rutrum eu, ultrices sit amet, risus. Donec nibh enim, gravida sit amet, dapibus id, blandit at, nisi. Cum sociis natoque penatibus et magnis dis parturient montes, nascetur ridiculus mus.', true, 'Claret');
INSERT INTO testdb.site (id, departement, description, is_officiel_les_amis_de_lescalade, nom) VALUES (15, 'doubs', 'nisl. Nulla eu neque pellentesque massa lobortis ultrices. Vivamus rhoncus. Donec est. Nunc ullamcorper, velit in aliquet lobortis, nisi nibh lacinia orci, consectetuer euismod est arcu ac orci. Ut semper pretium neque. Morbi quis urna. Nunc quis arcu vel quam dignissim pharetra. Nam ac nulla. In tincidunt congue turpis. In condimentum. Donec at arcu. Vestibulum ante ipsum primis in faucibus orci luctus et ultrices posuere cubilia Curae; Donec tincidunt. Donec vitae erat vel pede blandit congue. In scelerisque scelerisque dui. Suspendisse ac metus vitae velit', false, 'Clemont');
INSERT INTO testdb.site (id, departement, description, is_officiel_les_amis_de_lescalade, nom) VALUES (16, 'drome', 'parturient montes, nascetur ridiculus mus. Donec dignissim magna a tortor. Nunc commodo auctor velit. Aliquam nisl. Nulla eu neque pellentesque massa lobortis ultrices. Vivamus rhoncus. Donec est. Nunc ullamcorper, velit in aliquet lobortis, nisi nibh lacinia orci, consectetuer euismod est arcu ac orci. Ut sempers', true, 'Cirque d''Archiane');
INSERT INTO testdb.site (id, departement, description, is_officiel_les_amis_de_lescalade, nom) VALUES (17, 'gard', 'Aliquam erat volutpat. Nulla dignissim. Maecenas ornare egestas ligula. Nullam feugiat placerat velit. Quisque varius. Nam porttitor scelerisque neque. Nullam nisl. Maecenas malesuada fringilla est. Mauris eu turpis. Nulla aliquet. Proin velit. Sed malesuada augue ut lacus. Nulla tincidunt, neque vitae semper egestas, urna justo faucibus lectus, a sollicitudin orci sem eget massa. Suspendisse eleifend. Cras sed leo. Cras vehicula', true, 'Collias');
INSERT INTO testdb.site (id, departement, description, is_officiel_les_amis_de_lescalade, nom) VALUES (18, 'bourgogne', 'quis urna. Nunc quis arcu vel quam dignissim pharetra. Nam ac nulla. In tincidunt congue turpis. In condimentum. Donec at arcu. Vestibulum ante ipsum primis in faucibus orci luctus et ultrices posuere cubilia Curae; Donec tincidunt. Donec vitae erat vel pede blandit congue. In scelerisque scelerisque dui. Suspendisse ac metus vitae velit egestas', false, 'Cormont');
INSERT INTO testdb.site (id, departement, description, is_officiel_les_amis_de_lescalade, nom) VALUES (19, 'drome', 'massa. Quisque porttitor eros nec tellus. Nunc lectus pede, ultrices a, auctor non, feugiat nec, diam. Duis mi enim, condimentum eget, volutpat ornare, facilisis eget, ipsum. Donec sollicitudin adipiscing ligula. Aenean gravida nunc sed pede. Cum sociis natoque penatibus et magnis dis parturient montes, nascetur ridiculus mus. Proin vel arcu eu odio tristique pharetra. Quisque ac libero nec ligula consectetuer rhoncus. Nullam velit dui, semper et, lacinia vitae, sodales at, velit. Pellentesque ultricies dignissim lacus. Aliquam rutrum lorem ac risus. Morbi metus. Vivamus euismod urna. Nullam lobortis quam a felis ullamcorper viverra. Maecenas iaculis', false, 'Côté court');
INSERT INTO testdb.site (id, departement, description, is_officiel_les_amis_de_lescalade, nom) VALUES (20, 'jura', 'sit amet ultricies sem magna nec quam. Curabitur vel lectus. Cum sociis natoque penatibus et magnis dis parturient montes, nascetur ridiculus mus. Donec dignissim magna a tortor. Nunc commodo auctor velit. Aliquam nisl. Nulla eu neque pellentesque massa lobortis ultrices. Vivamus rhoncus.', true, 'Crenans');


--
-- TOC entry 2912 (class 0 OID 405535)
-- Dependencies: 214
-- Data for Name: utilisateur; Type: TABLE DATA; Schema: testdb; Owner: postgres
--

INSERT INTO testdb.utilisateur (id, adresse_mail, adresse_postal, is_membre_association, nom, password, prenom) VALUES (1, 'Lorem.ipsum.dolor@dolorsitamet.net', 'CP 838, 8782 Sed Av.', true, 'Stein', '9Q9Je8Kax', 'Lewis');
INSERT INTO testdb.utilisateur (id, adresse_mail, adresse_postal, is_membre_association, nom, password, prenom) VALUES (2, 'nibh@et.com', '593-9665 Vehicula Route', true, 'Malone', '3HfBs57sV', 'Rebekah');
INSERT INTO testdb.utilisateur (id, adresse_mail, adresse_postal, is_membre_association, nom, password, prenom) VALUES (3, 'vitae.sodales@antebibendumullamcorper.net', '5946 Pellentesque Rue', false, 'Perry', '3f3DmRr8U', 'Zephania');
INSERT INTO testdb.utilisateur (id, adresse_mail, adresse_postal, is_membre_association, nom, password, prenom) VALUES (4, 'sem@non.net', 'Appartement 526-8288 Interdum Impasse', false, 'Noble', 'y3mbJA86B', 'Alma');


--
-- TOC entry 2901 (class 0 OID 405470)
-- Dependencies: 203
-- Data for Name: commentaire; Type: TABLE DATA; Schema: testdb; Owner: postgres
--

INSERT INTO testdb.commentaire (id, contenu, commentaire_parent_id, site_id, utilisateur_id) VALUES (1, 'aliquam eu, accumsan sed, facilisis vitae, orci. Phasellus dapibus quam quis diam. Pellentesque habitant morbi tristique senectus et netus et malesuada fames ac turpis egestas. Fusce aliquet magna', NULL, 1, 1);
INSERT INTO testdb.commentaire (id, contenu, commentaire_parent_id, site_id, utilisateur_id) VALUES (2, 'lobortis. Class aptent taciti sociosqu ad litora torquent per conubia nostra, per inceptos hymenaeos. Mauris ut quam vel sapien imperdiet ornare. In faucibus. Morbi vehicula. Pellentesque tincidunt tempus risus. Donec egestas. Duis ac arcu. Nunc mauris. Morbi non sapien molestie orci tincidunt adipiscing. Mauris molestie pharetra nibh. Aliquam', 1, 1, 1);
INSERT INTO testdb.commentaire (id, contenu, commentaire_parent_id, site_id, utilisateur_id) VALUES (3, 'purus. Maecenas libero est, congue a, aliquet vel, vulputate eu, odio. Phasellus at augue id ante dictum cursus. Nunc mauris elit, dictum eu, eleifend nec, malesuada ut, sem. Nulla interdum. Curabitur dictum. Phasellus in felis. Nulla tempor augue ac ipsum. Phasellus vitae mauris sit amet', 1, 1, 1);
INSERT INTO testdb.commentaire (id, contenu, commentaire_parent_id, site_id, utilisateur_id) VALUES (4, 'fermentum fermentum arcu. Vestibulum ante ipsum primis in faucibus orci luctus et ultrices posuere cubilia Curae; Phasellus ornare. Fusce mollis. Duis sit amet diam eu dolor egestas rhoncus. Proin nisl sem, consequat nec, mollis vitae, posuere at, velit.', 1, 1, 2);
INSERT INTO testdb.commentaire (id, contenu, commentaire_parent_id, site_id, utilisateur_id) VALUES (5, 'ac risus. Morbi metus. Vivamus euismod urna. Nullam lobortis quam a felis ullamcorper viverra. Maecenas iaculis aliquet diam. Sed diam lorem, auctor quis, tristique ac, eleifend vitae, erat. Vivamus nisi. Mauris nulla. Integer urna. Vivamus molestie', 1, 1, 2);
INSERT INTO testdb.commentaire (id, contenu, commentaire_parent_id, site_id, utilisateur_id) VALUES (8, 'amet risus. Donec egestas. Aliquam nec enim. Nunc ut erat. Sed nunc est, mollis non, cursus non, egestas a, dui. Cras pellentesque. Sed dictum. Proin eget odio. Aliquam vulputate ullamcorper magna. Sed eu eros. Nam consequat dolor vitae dolor. Donec fringilla. Donec feugiat', NULL, 2, 3);
INSERT INTO testdb.commentaire (id, contenu, commentaire_parent_id, site_id, utilisateur_id) VALUES (9, 'hymenaeos. Mauris ut quam vel sapien imperdiet ornare. In faucibus. Morbi vehicula. Pellentesque tincidunt tempus risus. Donec egestas. Duis ac arcu. Nunc mauris. Morbi non sapien molestie orci tincidunt adipiscing. Mauris molestie pharetra nibh. Aliquam ornare, libero at auctor ullamcorper, nisl arcu iaculis enim,', 8, 2, 3);
INSERT INTO testdb.commentaire (id, contenu, commentaire_parent_id, site_id, utilisateur_id) VALUES (10, 'Sed eget lacus. Mauris non dui nec urna suscipit nonummy. Fusce fermentum fermentum arcu. Vestibulum ante ipsum primis in', NULL, 3, 3);
INSERT INTO testdb.commentaire (id, contenu, commentaire_parent_id, site_id, utilisateur_id) VALUES (11, 'Cras dolor dolor, tempus non, lacinia at, iaculis quis, pede. Praesent eu dui. Cum sociis natoque penatibus et magnis dis parturient montes, nascetur ridiculus mus. Aenean eget magna. Suspendisse tristique neque venenatis lacus. Etiam bibendum fermentum metus. Aenean sed pede nec ante blandit', 10, 3, 3);
INSERT INTO testdb.commentaire (id, contenu, commentaire_parent_id, site_id, utilisateur_id) VALUES (12, 'et ipsum cursus vestibulum. Mauris magna. Duis dignissim tempor arcu. Vestibulum ut eros non enim commodo hendrerit. Donec porttitor tellus non magna. Nam ligula elit, pretium et, rutrum non, hendrerit', 10, 3, 4);
INSERT INTO testdb.commentaire (id, contenu, commentaire_parent_id, site_id, utilisateur_id) VALUES (13, 'in lobortis tellus justo sit amet nulla. Donec non justo. Proin non massa non ante bibendum ullamcorper. Duis cursus, diam at pretium aliquet, metus urna convallis erat, eget tincidunt dui augue eu', 10, 3, 3);
INSERT INTO testdb.commentaire (id, contenu, commentaire_parent_id, site_id, utilisateur_id) VALUES (14, 'massa. Vestibulum accumsan neque et nunc. Quisque ornare tortor at risus. Nunc ac sem ut dolor dapibus gravida. Aliquam tincidunt, nunc ac mattis ornare, lectus ante dictum mi, ac mattis velit justo nec ante. Maecenas mi felis, adipiscing fringilla, porttitor vulputate,', 10, 3, 2);
INSERT INTO testdb.commentaire (id, contenu, commentaire_parent_id, site_id, utilisateur_id) VALUES (16, 'lacinia mattis. Integer eu lacus. Quisque imperdiet, erat nonummy ultricies ornare, elit elit fermentum risus, at fringilla purus mauris a nunc. In at pede. Cras vulputate velit', NULL, 4, 3);
INSERT INTO testdb.commentaire (id, contenu, commentaire_parent_id, site_id, utilisateur_id) VALUES (18, 'est, mollis non, cursus non, egestas a, dui. Cras pellentesque. Sed dictum. Proin eget odio. Aliquam vulputate ullamcorper magna. Sed eu eros. Nam consequat dolor vitae dolor. Donec fringilla. Donec feugiat metus sit amet ante. Vivamus', NULL, 4, 4);
INSERT INTO testdb.commentaire (id, contenu, commentaire_parent_id, site_id, utilisateur_id) VALUES (19, '"massa. Integer vitae nibh. Donec est mauris, rhoncus id, mollis nec, cursus a, enim. Suspendisse aliquet, sem ut cursus luctus, ipsum leo elementum sem,', 18, 4, 4);
INSERT INTO testdb.commentaire (id, contenu, commentaire_parent_id, site_id, utilisateur_id) VALUES (20, 'dis parturient montes, nascetur ridiculus mus. Proin vel arcu eu odio tristique pharetra. Quisque ac libero nec ligula consectetuer rhoncus. Nullam velit dui, semper et, lacinia vitae, sodales at, velit. Pellentesque ultricies dignissim lacus. Aliquam rutrum lorem ac risus. Morbi metus. Vivamus euismod urna. Nullam lobortis quam', 16, 4, 4);
INSERT INTO testdb.commentaire (id, contenu, commentaire_parent_id, site_id, utilisateur_id) VALUES (21, 'ut odio vel est tempor bibendum. Donec felis orci, adipiscing non, luctus sit amet, faucibus ut, nulla. Cras eu tellus eu augue porttitor interdum.', NULL, 5, 1);
INSERT INTO testdb.commentaire (id, contenu, commentaire_parent_id, site_id, utilisateur_id) VALUES (23, 'malesuada. Integer id magna et ipsum cursus vestibulum. Mauris magna. Duis dignissim tempor arcu. Vestibulum', 21, 5, 3);
INSERT INTO testdb.commentaire (id, contenu, commentaire_parent_id, site_id, utilisateur_id) VALUES (24, 'diam luctus lobortis. Class aptent taciti sociosqu ad litora torquent per conubia nostra, per inceptos hymenaeos. Mauris ut', 21, 5, 4);
INSERT INTO testdb.commentaire (id, contenu, commentaire_parent_id, site_id, utilisateur_id) VALUES (25, 'amet risus. Donec egestas. Aliquam nec enim. Nunc ut erat. Sed nunc est, mollis non, cursus non, egestas a, dui. Cras pellentesque. Sed dictum. Proin eget odio. Aliquam', NULL, 5, 4);
INSERT INTO testdb.commentaire (id, contenu, commentaire_parent_id, site_id, utilisateur_id) VALUES (26, 'facilisis lorem tristique aliquet. Phasellus fermentum convallis ligula. Donec luctus aliquet odio. Etiam ligula tortor, dictum eu, placerat eget, venenatis a, magna. Lorem ipsum dolor sit amet, consectetuer adipiscing elit. Etiam laoreet, libero', 25, 5, 4);
INSERT INTO testdb.commentaire (id, contenu, commentaire_parent_id, site_id, utilisateur_id) VALUES (27, 'urna et arcu imperdiet ullamcorper. Duis at lacus. Quisque purus sapien, gravida non, sollicitudin a, malesuada id, erat. Etiam vestibulum massa rutrum magna. Cras', NULL, 6, 1);
INSERT INTO testdb.commentaire (id, contenu, commentaire_parent_id, site_id, utilisateur_id) VALUES (28, 'est tempor bibendum. Donec felis orci, adipiscing non, luctus sit amet, faucibus ut, nulla. Cras eu tellus', 27, 6, 1);
INSERT INTO testdb.commentaire (id, contenu, commentaire_parent_id, site_id, utilisateur_id) VALUES (15, 'non ante bibendum ullamcorper. Duis cursus, diam at pretium aliquet, metus urna convallis erat, eget tincidunt dui augue eu tellus.', 16, 4, 1);
INSERT INTO testdb.commentaire (id, contenu, commentaire_parent_id, site_id, utilisateur_id) VALUES (29, '"mi eleifend egestas. Sed pharetra, felis eget varius ultrices, mauris ipsum porta elit, a feugiat tellus lorem eu metus. In lorem. Donec elementum, lorem ut aliquam iaculis, lacus pede sagittis augue, eu tempor erat neque non quam. Pellentesque habitant morbi tristique senectus et netus et malesuada', 27, 6, 4);
INSERT INTO testdb.commentaire (id, contenu, commentaire_parent_id, site_id, utilisateur_id) VALUES (30, 'pellentesque, tellus sem mollis dui, in sodales elit erat vitae risus. Duis a mi fringilla mi lacinia mattis. Integer eu lacus. Quisque imperdiet, erat nonummy ultricies ornare, elit elit fermentum risus, at fringilla purus mauris a nunc. In at pede. Cras vulputate', 27, 6, 2);
INSERT INTO testdb.commentaire (id, contenu, commentaire_parent_id, site_id, utilisateur_id) VALUES (31, 'Nam porttitor scelerisque neque. Nullam nisl. Maecenas malesuada fringilla est. Mauris eu turpis. Nulla aliquet. Proin velit. Sed malesuada augue', NULL, 7, 1);
INSERT INTO testdb.commentaire (id, contenu, commentaire_parent_id, site_id, utilisateur_id) VALUES (32, 'sapien. Aenean massa. Integer vitae nibh. Donec est mauris, rhoncus id, mollis nec, cursus a, enim. Suspendisse aliquet, sem ut cursus luctus, ipsum leo elementum sem, vitae aliquam eros turpis non enim. Mauris quis', 31, 7, 1);
INSERT INTO testdb.commentaire (id, contenu, commentaire_parent_id, site_id, utilisateur_id) VALUES (33, 'enim, condimentum eget, volutpat ornare, facilisis eget, ipsum. Donec sollicitudin adipiscing ligula. Aenean gravida nunc sed pede. Cum sociis natoque penatibus et magnis dis parturient montes, nascetur ridiculus mus. Proin vel arcu eu odio tristique pharetra. Quisque ac libero nec ligula consectetuer rhoncus. Nullam', 31, 7, 3);
INSERT INTO testdb.commentaire (id, contenu, commentaire_parent_id, site_id, utilisateur_id) VALUES (34, 'diam. Proin dolor. Nulla semper tellus id nunc interdum feugiat. Sed nec metus facilisis lorem tristique aliquet. Phasellus fermentum convallis ligula. Donec luctus aliquet odio. Etiam ligula tortor, dictum eu, placerat eget, venenatis a, magna. Lorem ipsum dolor sit amet, consectetuer adipiscing elit. Etiam laoreet, libero e', NULL, 7, 3);
INSERT INTO testdb.commentaire (id, contenu, commentaire_parent_id, site_id, utilisateur_id) VALUES (35, 'arcu vel quam dignissim pharetra. Nam ac nulla. In tincidunt congue turpis. In condimentum. Donec at arcu. Vestibulum ante ipsum primis in faucibus orci luctus et ultrices', 34, 7, 3);
INSERT INTO testdb.commentaire (id, contenu, commentaire_parent_id, site_id, utilisateur_id) VALUES (36, 'amet, faucibus ut, nulla. Cras eu tellus eu augue porttitor interdum. Sed auctor odio a purus. Duis elementum, dui quis accumsan convallis, ante lectus convallis est, vitae sodales nisi magna sed dui. Fusce aliquam, enim nec tempus scelerisque, lorem ipsum sodales purus, in molestie tortor nibh', 34, 7, 4);
INSERT INTO testdb.commentaire (id, contenu, commentaire_parent_id, site_id, utilisateur_id) VALUES (37, 'mauris eu elit. Nulla facilisi. Sed neque. Sed eget lacus. Mauris non dui nec urna suscipit nonummy. Fusce fermentum fermentum arcu. Vestibulum ante ipsum primis in faucibus orci', 34, 7, 4);
INSERT INTO testdb.commentaire (id, contenu, commentaire_parent_id, site_id, utilisateur_id) VALUES (38, 'Sed neque. Sed eget lacus. Mauris non dui nec urna suscipit nonummy. Fusce fermentum fermentum arcu. Vestibulum ante ipsum primis in faucibus orci luctus et ultrices posuere cubilia Curae; Phasellus ornare. Fusce mollis. Duis sit amet diam eu dolor egestas rhoncus. Proin nisl sem, consequat nec, mollis vitae, posuere at,', NULL, 8, 1);
INSERT INTO testdb.commentaire (id, contenu, commentaire_parent_id, site_id, utilisateur_id) VALUES (40, 'Mauris molestie pharetra nibh. Aliquam ornare, libero at auctor ullamcorper, nisl arcu iaculis enim, sit amet ornare lectus justo', NULL, 8, 2);
INSERT INTO testdb.commentaire (id, contenu, commentaire_parent_id, site_id, utilisateur_id) VALUES (42, 'eu, accumsan sed, facilisis vitae, orci. Phasellus dapibus quam quis diam. Pellentesque habitant morbi tristique senectus et netus et malesuada fames ac turpis egestas. Fusce aliquet magna a neque. Nullam ut nisi a odio semper cursus. Integer mollis. Integer tincidunt aliquam arcu. Aliquam ultrices iaculis odio.', NULL, 9, 4);
INSERT INTO testdb.commentaire (id, contenu, commentaire_parent_id, site_id, utilisateur_id) VALUES (43, 'augue eu tellus. Phasellus elit pede, malesuada vel, venenatis vel, faucibus id, libero. Donec consectetuer mauris id sapien. Cras dolor dolor, tempus non, lacinia at, iaculis quis,', 42, 9, 4);
INSERT INTO testdb.commentaire (id, contenu, commentaire_parent_id, site_id, utilisateur_id) VALUES (44, 'dis parturient montes, nascetur ridiculus mus. Aenean eget magna. Suspendisse tristique neque venenatis lacus. Etiam bibendum fermentum metus. Aenean sed pede nec ante blandit viverra. Donec tempus, lorem fringilla ornare placerat, orci lacus vestibulum lorem, sit amet ultricies sem magna nec quam. Curabitur vel lectus. Cum', NULL, 10, 1);
INSERT INTO testdb.commentaire (id, contenu, commentaire_parent_id, site_id, utilisateur_id) VALUES (46, 'parturient montes, nascetur ridiculus mus. Aenean eget magna. Suspendisse tristique neque venenatis lacus. Etiam bibendum fermentum metus. Aenean sed pede nec ante blandit viverra.', 44, 10, 1);
INSERT INTO testdb.commentaire (id, contenu, commentaire_parent_id, site_id, utilisateur_id) VALUES (47, 'Cum sociis natoque penatibus et magnis dis parturient montes, nascetur ridiculus mus. Donec dignissim magna', 44, 10, 2);
INSERT INTO testdb.commentaire (id, contenu, commentaire_parent_id, site_id, utilisateur_id) VALUES (48, 'euismod est arcu ac orci. Ut semper pretium neque. Morbi quis urna. Nunc quis arcu vel quam dignissim pharetra. Nam ac nulla. In tincidunt congue turpis. In', NULL, 10, 2);
INSERT INTO testdb.commentaire (id, contenu, commentaire_parent_id, site_id, utilisateur_id) VALUES (49, 'molestie in, tempus eu, ligula. Aenean euismod mauris eu elit. Nulla facilisi. Sed neque. Sed eget lacus. Mauris non dui nec urna suscipit nonummy. Fusce fermentum fermentum arcu. Vestibulum ante ipsum primis in faucibus orci luctus et ultrices posuere', 48, 10, 3);
INSERT INTO testdb.commentaire (id, contenu, commentaire_parent_id, site_id, utilisateur_id) VALUES (50, 'pretium et, rutrum non, hendrerit id, ante. Nunc mauris sapien, cursus in, hendrerit consectetuer, cursus et, magna. Praesent interdum ligula eu enim. Etiam imperdiet dictum', 44, 10, 4);
INSERT INTO testdb.commentaire (id, contenu, commentaire_parent_id, site_id, utilisateur_id) VALUES (51, 'pede. Cras vulputate velit eu sem. Pellentesque ut ipsum ac mi eleifend egestas. Sed pharetra, felis eget varius ultrices, mauris ipsum porta elit, a feugiat tellus lorem eu metus. In', NULL, 11, 1);
INSERT INTO testdb.commentaire (id, contenu, commentaire_parent_id, site_id, utilisateur_id) VALUES (53, 'gravida. Praesent eu nulla at sem molestie sodales. Mauris blandit enim consequat purus. Maecenas libero est, congue a, aliquet vel, vulputate eu, odio. Phasellus at augue id ante dictum cursus. Nunc mauris elit, dictum eu, eleifend nec, malesuada ut,', 51, 11, 1);
INSERT INTO testdb.commentaire (id, contenu, commentaire_parent_id, site_id, utilisateur_id) VALUES (54, 'vel, venenatis vel, faucibus id, libero. Donec consectetuer mauris id sapien. Cras dolor dolor, tempus non, lacinia at, iaculis quis, pede. Praesent eu dui. Cum sociis natoque penatibus et magnis dis parturient montes,', 51, 11, 2);
INSERT INTO testdb.commentaire (id, contenu, commentaire_parent_id, site_id, utilisateur_id) VALUES (55, 'lorem, eget mollis lectus pede et risus. Quisque libero lacus, varius et, euismod et, commodo at, libero. Morbi accumsan laoreet ipsum. Curabitur consequat, lectus sit amet luctus vulputate, nisi sem semper erat,', NULL, 11, 2);
INSERT INTO testdb.commentaire (id, contenu, commentaire_parent_id, site_id, utilisateur_id) VALUES (56, 'non, dapibus rutrum, justo. Praesent luctus. Curabitur egestas nunc sed libero. Proin sed turpis nec mauris blandit mattis.', 51, 11, 3);
INSERT INTO testdb.commentaire (id, contenu, commentaire_parent_id, site_id, utilisateur_id) VALUES (57, 'purus sapien, gravida non, sollicitudin a, malesuada id, erat. Etiam vestibulum massa rutrum magna. Cras convallis convallis dolor. Quisque tincidunt', 55, 11, 3);
INSERT INTO testdb.commentaire (id, contenu, commentaire_parent_id, site_id, utilisateur_id) VALUES (58, 'Mauris non dui nec urna suscipit nonummy. Fusce fermentum fermentum arcu. Vestibulum ante ipsum primis in faucibus orci luctus et ultrices', NULL, 11, 3);
INSERT INTO testdb.commentaire (id, contenu, commentaire_parent_id, site_id, utilisateur_id) VALUES (59, 'ligula consectetuer rhoncus. Nullam velit dui, semper et, lacinia vitae, sodales at, velit. Pellentesque ultricies dignissim lacus. Aliquam rutrum lorem ac risus. Morbi metus. Vivamus euismod urna. Nullam lobortis quam a felis ullamcorper viverra. Maecenas iaculis aliquet diam. Sed diam lorem, auctor quis, tristique ac, eleifend vitae,', NULL, 12, 3);
INSERT INTO testdb.commentaire (id, contenu, commentaire_parent_id, site_id, utilisateur_id) VALUES (60, 'adipiscing. Mauris molestie pharetra nibh. Aliquam ornare, libero at auctor ullamcorper, nisl arcu iaculis enim, sit amet ornare lectus justo eu arcu. Morbi sit amet', NULL, 12, 2);
INSERT INTO testdb.commentaire (id, contenu, commentaire_parent_id, site_id, utilisateur_id) VALUES (61, 'Donec egestas. Aliquam nec enim. Nunc ut erat. Sed nunc est, mollis non, cursus non, egestas a, dui. Cras pellentesque. Sed dictum. Proin eget odio. Aliquam vulputate ullamcorper magna. Sed eu eros. Nam consequat dolor vitae', NULL, 13, 2);
INSERT INTO testdb.commentaire (id, contenu, commentaire_parent_id, site_id, utilisateur_id) VALUES (62, 'mus. Proin vel nisl. Quisque fringilla euismod enim. Etiam gravida molestie arcu. Sed eu nibh vulputate mauris sagittis placerat. Cras dictum ultricies ligula. Nullam enim. Sed nulla ante, iaculis nec, eleifend non, dapibus rutrum, justo. Praesent luctus. Curabitur egestas nunc sed libero.', 61, 13, 2);
INSERT INTO testdb.commentaire (id, contenu, commentaire_parent_id, site_id, utilisateur_id) VALUES (63, 'vitae erat vel pede blandit congue. In scelerisque scelerisque dui. Suspendisse ac metus vitae velit egestas lacinia. Sed congue, elit sed consequat auctor, nunc nulla vulputate dui, nec tempus mauris erat eget ipsum. Suspendisse sagittis. Nullam vitae diam. Proin dolor. Nulla semper tellus id nunc', 61, 13, 4);
INSERT INTO testdb.commentaire (id, contenu, commentaire_parent_id, site_id, utilisateur_id) VALUES (64, 'lobortis augue scelerisque mollis. Phasellus libero mauris, aliquam eu, accumsan sed, facilisis vitae, orci. Phasellus dapibus quam quis diam. Pellentesque habitant', 61, 13, 4);
INSERT INTO testdb.commentaire (id, contenu, commentaire_parent_id, site_id, utilisateur_id) VALUES (65, 'Vestibulum ante ipsum primis in faucibus orci luctus et ultrices posuere cubilia Curae; Donec tincidunt. Donec vitae erat vel pede blandit congue. In scelerisque scelerisque dui. Suspendisse ac metus vitae velit egestas', NULL, 13, 4);
INSERT INTO testdb.commentaire (id, contenu, commentaire_parent_id, site_id, utilisateur_id) VALUES (66, 'dictum mi, ac mattis velit justo nec ante. Maecenas mi felis, adipiscing fringilla, porttitor vulputate, posuere vulputate, lacus. Cras interdum. Nunc sollicitudin commodo ipsum. Suspendisse non leo. Vivamus nibh dolor, nonummy', NULL, 14, 4);
INSERT INTO testdb.commentaire (id, contenu, commentaire_parent_id, site_id, utilisateur_id) VALUES (68, 'ut, pharetra sed, hendrerit a, arcu. Sed et libero. Proin mi. Aliquam gravida mauris ut mi. Duis risus odio, auctor vitae, aliquet nec, imperdiet nec, leo. Morbi neque tellus, imperdiet non,', NULL, 14, 3);
INSERT INTO testdb.commentaire (id, contenu, commentaire_parent_id, site_id, utilisateur_id) VALUES (69, 'Aliquam ultrices iaculis odio. Nam interdum enim non nisi. Aenean eget metus. In nec orci. Donec nibh. Quisque nonummy ipsum non', 66, 14, 3);
INSERT INTO testdb.commentaire (id, contenu, commentaire_parent_id, site_id, utilisateur_id) VALUES (70, 'ut ipsum ac mi eleifend egestas. Sed pharetra, felis eget varius ultrices, mauris ipsum porta elit, a feugiat tellus lorem eu metus. In lorem. Donec elementum, lorem ut aliquam iaculis, lacus pede sagittis augue, eu tempor erat neque non quam. Pellentesque habitant morbi tristique senectus et netus et', NULL, 14, 3);
INSERT INTO testdb.commentaire (id, contenu, commentaire_parent_id, site_id, utilisateur_id) VALUES (71, 'magnis dis parturient montes, nascetur ridiculus mus. Proin vel nisl. Quisque fringilla euismod enim. Etiam gravida molestie arcu. Sed eu nibh vulputate mauris sagittis placerat. Cras dictum ultricies ligula. Nullam enim. Sed nulla ante, iaculis nec, eleifend non, dapibus', NULL, 15, 1);
INSERT INTO testdb.commentaire (id, contenu, commentaire_parent_id, site_id, utilisateur_id) VALUES (72, 'erat, in consectetuer ipsum nunc id enim. Curabitur massa. Vestibulum accumsan neque et nunc. Quisque ornare tortor at risus. Nunc ac sem ut dolor dapibus gravida. Aliquam tincidunt,', NULL, 15, 1);
INSERT INTO testdb.commentaire (id, contenu, commentaire_parent_id, site_id, utilisateur_id) VALUES (73, 'tincidunt tempus risus. Donec egestas. Duis ac arcu. Nunc mauris. Morbi non sapien molestie orci tincidunt adipiscing. Mauris', 71, 15, 3);
INSERT INTO testdb.commentaire (id, contenu, commentaire_parent_id, site_id, utilisateur_id) VALUES (74, 'placerat. Cras dictum ultricies ligula. Nullam enim. Sed nulla ante, iaculis nec, eleifend non, dapibus rutrum, justo. Praesent luctus. Curabitur egestas nunc sed libero. Proin sed turpis nec mauris blandit', 72, 15, 3);
INSERT INTO testdb.commentaire (id, contenu, commentaire_parent_id, site_id, utilisateur_id) VALUES (75, 'gravida nunc sed pede. Cum sociis natoque penatibus et magnis dis parturient montes, nascetur ridiculus mus. Proin vel', NULL, 16, 2);
INSERT INTO testdb.commentaire (id, contenu, commentaire_parent_id, site_id, utilisateur_id) VALUES (76, 'varius et, euismod et, commodo at, libero. Morbi accumsan laoreet ipsum. Curabitur consequat, lectus sit amet luctus vulputate, nisi sem semper erat, in consectetuer ipsum nunc id enim. Curabitur massa. Vestibulum accumsan neque et nunc. Quisque ornare tortor at risus. Nunc ac sem ut dolor dapibus', 75, 16, 2);
INSERT INTO testdb.commentaire (id, contenu, commentaire_parent_id, site_id, utilisateur_id) VALUES (77, 'arcu. Vivamus sit amet risus. Donec egestas. Aliquam nec enim. Nunc ut erat. Sed nunc est, mollis non, cursus non, egestas a, dui. Cras pellentesque. Sed', 75, 16, 2);
INSERT INTO testdb.commentaire (id, contenu, commentaire_parent_id, site_id, utilisateur_id) VALUES (78, 'lacus vestibulum lorem, sit amet ultricies sem magna nec quam. Curabitur vel lectus. Cum sociis natoque', NULL, 16, 4);
INSERT INTO testdb.commentaire (id, contenu, commentaire_parent_id, site_id, utilisateur_id) VALUES (79, 'aliquam eu, accumsan sed, facilisis vitae, orci. Phasellus dapibus quam quis diam. Pellentesque habitant morbi tristique senectus et netus et malesuada fames ac turpis egestas. Fusce aliquet magna a neque. Nullam ut nisi a', 75, 16, 4);
INSERT INTO testdb.commentaire (id, contenu, commentaire_parent_id, site_id, utilisateur_id) VALUES (80, 'erat neque non quam. Pellentesque habitant morbi tristique senectus et netus et malesuada fames ac turpis', 78, 16, 1);
INSERT INTO testdb.commentaire (id, contenu, commentaire_parent_id, site_id, utilisateur_id) VALUES (81, 'Phasellus ornare. Fusce mollis. Duis sit amet diam eu dolor egestas rhoncus. Proin nisl sem, consequat nec,', NULL, 17, 4);
INSERT INTO testdb.commentaire (id, contenu, commentaire_parent_id, site_id, utilisateur_id) VALUES (83, 'vestibulum. Mauris magna. Duis dignissim tempor arcu. Vestibulum ut eros non enim commodo hendrerit. Donec porttitor', NULL, 17, 1);
INSERT INTO testdb.commentaire (id, contenu, commentaire_parent_id, site_id, utilisateur_id) VALUES (84, 'montes, nascetur ridiculus mus. Proin vel nisl. Quisque fringilla euismod enim. Etiam gravida molestie arcu. Sed eu nibh vulputate mauris sagittis placerat. Cras dictum ultricies ligula. Nullam enim. Sed nulla ante, iaculis nec, eleifend non, dapibus rutrum, justo. Praesent luctus. Curabitur egestas nunc sed libero. Proin sed', 81, 17, 1);
INSERT INTO testdb.commentaire (id, contenu, commentaire_parent_id, site_id, utilisateur_id) VALUES (85, 'mauris sit amet lorem semper auctor. Mauris vel turpis. Aliquam adipiscing lobortis risus. In mi pede, nonummy ut,', 83, 17, 1);
INSERT INTO testdb.commentaire (id, contenu, commentaire_parent_id, site_id, utilisateur_id) VALUES (86, 'in magna. Phasellus dolor elit, pellentesque a, facilisis non, bibendum sed, est. Nunc laoreet lectus quis massa. Mauris vestibulum, neque sed dictum eleifend, nunc risus varius orci, in consequat enim', NULL, 18, 4);
INSERT INTO testdb.commentaire (id, contenu, commentaire_parent_id, site_id, utilisateur_id) VALUES (88, 'odio. Aliquam vulputate ullamcorper magna. Sed eu eros. Nam consequat dolor vitae dolor. Donec fringilla. Donec feugiat metus sit amet ante. Vivamus non lorem vitae odio sagittis semper. Nam tempor diam dictum sapien. Aenean massa. Integer vitae nibh. Donec est mauris, rhoncus id,', NULL, 18, 4);
INSERT INTO testdb.commentaire (id, contenu, commentaire_parent_id, site_id, utilisateur_id) VALUES (89, 'et magnis dis parturient montes, nascetur ridiculus mus. Aenean eget magna. Suspendisse tristique neque venenatis lacus. Etiam bibendum fermentum metus. Aenean sed pede nec ante blandit viverra. Donec tempus, lorem', NULL, 18, 1);
INSERT INTO testdb.commentaire (id, contenu, commentaire_parent_id, site_id, utilisateur_id) VALUES (90, 'Vivamus non lorem vitae odio sagittis semper. Nam tempor diam dictum sapien. Aenean massa. Integer vitae nibh. Donec', 88, 18, 1);
INSERT INTO testdb.commentaire (id, contenu, commentaire_parent_id, site_id, utilisateur_id) VALUES (91, 'lacus. Ut nec urna et arcu imperdiet ullamcorper. Duis at lacus. Quisque purus sapien, gravida non, sollicitudin a, malesuada id, erat.', NULL, 19, 3);
INSERT INTO testdb.commentaire (id, contenu, commentaire_parent_id, site_id, utilisateur_id) VALUES (93, 'erat. Vivamus nisi. Mauris nulla. Integer urna. Vivamus molestie dapibus ligula. Aliquam erat volutpat. Nulla dignissim. Maecenas ornare egestas ligula. Nullam feugiat placerat velit. Quisque varius. Nam porttitor scelerisque neque. Nullam nisl. Maecenas malesuada fringilla est. Mauris eu turpis. Nulla', NULL, 19, 4);
INSERT INTO testdb.commentaire (id, contenu, commentaire_parent_id, site_id, utilisateur_id) VALUES (94, 'Cras convallis convallis dolor. Quisque tincidunt pede ac urna. Ut tincidunt vehicula risus. Nulla eget metus eu erat semper rutrum. Fusce dolor', 93, 19, 4);
INSERT INTO testdb.commentaire (id, contenu, commentaire_parent_id, site_id, utilisateur_id) VALUES (95, 'risus varius orci, in consequat enim diam vel arcu. Curabitur ut odio vel est tempor bibendum. Donec felis orci, adipiscing non, luctus sit amet, faucibus ut, nulla. Cras eu tellus eu augue porttitor interdum. Sed auctor odio a purus. Duis elementum, dui quis accumsan convallis, ante lectus', 93, 19, 2);
INSERT INTO testdb.commentaire (id, contenu, commentaire_parent_id, site_id, utilisateur_id) VALUES (96, 'Sed neque. Sed eget lacus. Mauris non dui nec urna suscipit nonummy. Fusce fermentum fermentum arcu. Vestibulum ante ipsum primis in faucibus orci luctus et ultrices posuere cubilia Curae; Phasellus ornare. Fusce mollis. Duis sit amet', 93, 19, 2);
INSERT INTO testdb.commentaire (id, contenu, commentaire_parent_id, site_id, utilisateur_id) VALUES (97, 'malesuada vel, venenatis vel, faucibus id, libero. Donec consectetuer mauris id sapien. Cras dolor dolor, tempus non, lacinia at, iaculis quis, pede. Praesent eu dui. Cum sociis natoque penatibus et magnis dis parturient montes, nascetur ridiculus mus. Aenean eget', NULL, 19, 2);
INSERT INTO testdb.commentaire (id, contenu, commentaire_parent_id, site_id, utilisateur_id) VALUES (98, 'non enim. Mauris quis turpis vitae purus gravida sagittis. Duis gravida. Praesent eu nulla at sem molestie sodales. Mauris blandit enim consequat purus. Maecenas libero est, congue', NULL, 20, 2);
INSERT INTO testdb.commentaire (id, contenu, commentaire_parent_id, site_id, utilisateur_id) VALUES (99, 'congue, elit sed consequat auctor, nunc nulla vulputate dui, nec tempus mauris erat eget ipsum. Suspendisse sagittis. Nullam vitae diam. Proin dolor. Nulla semper tellus id nunc interdum feugiat. Sed nec metus facilisis lorem tristique aliquet. Phasellus fermentum convallis ligula. Donec luctus aliquet odio. Etiam ligula tortor, dictum eu,', 98, 20, 3);
INSERT INTO testdb.commentaire (id, contenu, commentaire_parent_id, site_id, utilisateur_id) VALUES (100, 'nulla. Cras eu tellus eu augue porttitor interdum. Sed auctor odio a purus. Duis elementum, dui quis accumsan convallis, ante lectus convallis est, vitae sodales nisi magna sed dui. Fusce aliquam, enim nec tempus scelerisque, lorem ipsum sodales purus, in molestie tortor nibh sit amet orci. Ut sagittis lobortis mauris.', 98, 20, 1);
INSERT INTO testdb.commentaire (id, contenu, commentaire_parent_id, site_id, utilisateur_id) VALUES (6, 'Mauris ut quam vel sapien imperdiet ornare. In faucibus. Morbi vehicula. Pellentesque tincidunt tempus risus. Donec egestas. Duis ac arcu. Nunc mauris. Morbi non sapien molestie orci tincidunt adipiscing. Mauris molestie pharetra nibh. Aliquam ornare, libero at auctor ullamcorper, nisl arcu', 8, 2, 1);
INSERT INTO testdb.commentaire (id, contenu, commentaire_parent_id, site_id, utilisateur_id) VALUES (7, 'metus facilisis lorem tristique aliquet. Phasellus fermentum convallis ligula. Donec luctus aliquet odio. Etiam ligula tortor, dictum eu, placerat eget, venenatis a, magna. Lorem ipsum dolor sit amet, consectetuer adipiscing elit. Etiam laoreet, libero et tristique pellentesque, tellus sem mollis dui,', 8, 2, 2);
INSERT INTO testdb.commentaire (id, contenu, commentaire_parent_id, site_id, utilisateur_id) VALUES (17, 'amet ornare lectus justo eu arcu. Morbi sit amet massa. Quisque porttitor eros nec tellus. Nunc lectus pede, ultrices a, auctor non,', 18, 4, 3);
INSERT INTO testdb.commentaire (id, contenu, commentaire_parent_id, site_id, utilisateur_id) VALUES (22, 'interdum. Sed auctor odio a purus. Duis elementum, dui quis accumsan convallis, ante lectus convallis est, vitae sodales nisi magna sed dui. Fusce aliquam, enim nec tempus scelerisque, lorem ipsum sodales purus, in molestie tortor nibh sit amet orci. Ut sagittis lobortis mauris. Suspendisse aliquet', 25, 5, 2);
INSERT INTO testdb.commentaire (id, contenu, commentaire_parent_id, site_id, utilisateur_id) VALUES (39, 'posuere cubilia Curae; Donec tincidunt. Donec vitae erat vel pede blandit congue. In scelerisque scelerisque dui. Suspendisse ac metus vitae velit egestas lacinia. Sed congue, elit sed consequat auctor, nunc nulla', 40, 8, 1);
INSERT INTO testdb.commentaire (id, contenu, commentaire_parent_id, site_id, utilisateur_id) VALUES (41, 'non dui nec urna suscipit nonummy. Fusce fermentum fermentum arcu. Vestibulum ante ipsum primis in faucibus', 42, 9, 3);
INSERT INTO testdb.commentaire (id, contenu, commentaire_parent_id, site_id, utilisateur_id) VALUES (45, 'purus gravida sagittis. Duis gravida. Praesent eu nulla at sem molestie sodales. Mauris blandit enim consequat purus. Maecenas libero est,', 48, 10, 1);
INSERT INTO testdb.commentaire (id, contenu, commentaire_parent_id, site_id, utilisateur_id) VALUES (52, 'eu dolor egestas rhoncus. Proin nisl sem, consequat nec, mollis vitae, posuere at, velit. Cras lorem lorem, luctus ut,', 58, 11, 1);
INSERT INTO testdb.commentaire (id, contenu, commentaire_parent_id, site_id, utilisateur_id) VALUES (67, 'amet, faucibus ut, nulla. Cras eu tellus eu augue porttitor interdum. Sed auctor odio a purus. Duis elementum, dui quis accumsan convallis, ante lectus convallis est, vitae sodales nisi magna sed dui. Fusce aliquam, enim nec tempus scelerisque, lorem ipsum', 68, 14, 4);
INSERT INTO testdb.commentaire (id, contenu, commentaire_parent_id, site_id, utilisateur_id) VALUES (82, 'pede. Suspendisse dui. Fusce diam nunc, ullamcorper eu, euismod ac, fermentum vel, mauris. Integer sem elit, pharetra ut, pharetra sed, hendrerit a, arcu. Sed et libero. Proin mi. Aliquam gravida mauris ut mi. Duis risus', 83, 17, 4);
INSERT INTO testdb.commentaire (id, contenu, commentaire_parent_id, site_id, utilisateur_id) VALUES (87, 'nascetur ridiculus mus. Proin vel nisl. Quisque fringilla euismod enim. Etiam gravida molestie arcu. Sed eu nibh vulputate mauris sagittis placerat. Cras dictum ultricies ligula. Nullam enim. Sed nulla', 89, 18, 4);
INSERT INTO testdb.commentaire (id, contenu, commentaire_parent_id, site_id, utilisateur_id) VALUES (92, 'Ut nec urna et arcu imperdiet ullamcorper. Duis at lacus. Quisque purus sapien, gravida non, sollicitudin a,', 93, 19, 3);


--
-- TOC entry 2905 (class 0 OID 405497)
-- Dependencies: 207
-- Data for Name: secteur; Type: TABLE DATA; Schema: testdb; Owner: postgres
--

INSERT INTO testdb.secteur (id, description, nom, site_id) VALUES (1, 'dictum augue malesuada malesuada. Integer id magna et ipsum cursus vestibulum. Mauris magna. Duis dignissim tempor arcu. Vestibulum ut', 'nomSecteur1', 1);
INSERT INTO testdb.secteur (id, description, nom, site_id) VALUES (2, 'Aliquam erat volutpat. Nulla dignissim. Maecenas ornare egestas ligula. Nullam feugiat placerat velit. Quisque varius. Nam porttitor scelerisque neque. Nullam nisl. Maecenas malesuada fringilla est. Mauris eu turpis. Nulla aliquet. Proin velit. Sed malesuada augue ut lacus. Nulla tincidunt, neque', 'nomSecteur2', 1);
INSERT INTO testdb.secteur (id, description, nom, site_id) VALUES (3, 'et ipsum cursus vestibulum. Mauris magna. Duis dignissim tempor arcu. Vestibulum ut eros non enim commodo hendrerit. Donec porttitor tellus non magna. Nam ligula elit, pretium et, rutrum non, hendrerit id, ante.', 'nomSecteur3', 1);
INSERT INTO testdb.secteur (id, description, nom, site_id) VALUES (4, 'lobortis ultrices. Vivamus rhoncus. Donec est. Nunc ullamcorper, velit in aliquet lobortis, nisi nibh lacinia orci, consectetuer euismod est arcu ac orci. Ut semper pretium neque. Morbi quis', 'nomSecteur4', 1);
INSERT INTO testdb.secteur (id, description, nom, site_id) VALUES (5, 'aoreet lectus quis massa. Mauris vestibulum, neque sed dictum eleifend, nunc risus varius orci, in consequat enim diam vel arcu. Curabitur ut odio vel est tempor bibendum. Donec felis orci, adipiscing non, luctus sit amet, faucibus ut', 'nomSecteur6', 2);
INSERT INTO testdb.secteur (id, description, nom, site_id) VALUES (6, 'sociis natoque penatibus et magnis dis parturient montes, nascetur ridiculus mus. Proin vel arcu eu odio tristique pharetra. Quisque ac libero nec ligula consectetuer rhoncus. Nullam velit dui, semper', 'nomSecteur7', 2);
INSERT INTO testdb.secteur (id, description, nom, site_id) VALUES (7, 'justo nec ante. Maecenas mi felis, adipiscing fringilla, porttitor vulputate, posuere vulputate, lacus. Cras interdum. Nunc sollicitudin commodo ipsum. Suspendisse non leo. Vivamus nibh dolor, nonummy ac, feugiat non, lobortis quis, pede. Suspendisse dui. Fusce diam nunc, ullamcorper eu, euismod', 'nomSecteur8', 2);
INSERT INTO testdb.secteur (id, description, nom, site_id) VALUES (8, 'rhoncus. Nullam velit dui, semper et, lacinia vitae, sodales at, velit. Pellentesque ultricies dignissim lacus.', 'nomSecteur9', 2);
INSERT INTO testdb.secteur (id, description, nom, site_id) VALUES (9, 'nunc risus varius orci, in consequat enim diam vel arcu. Curabitur ut odio vel est', 'nomSecteur10', 3);
INSERT INTO testdb.secteur (id, description, nom, site_id) VALUES (10, 'velit egestas lacinia. Sed congue, elit sed consequat auctor, nunc nulla vulputate dui, nec tempus mauris erat eget ipsum. Suspendisse sagittis. Nullam vitae diam. Proin dolor. Nulla semper tellus id nunc interdum feugiat. Sed nec metus facilisis lorem tristique aliquet. Phasellus fermentum convallis ligula. Donec luctus aliquet odio.', 'nomSecteur11', 3);
INSERT INTO testdb.secteur (id, description, nom, site_id) VALUES (11, 'hendrerit a, arcu. Sed et libero. Proin mi. Aliquam gravida mauris ut mi. Duis risus odio, auctor vitae, aliquet nec, imperdiet nec, leo. Morbi neque tellus, imperdiet non, vestibulum nec, euismod in, dolor. Fusce feugiat. Lorem ipsum dolor', 'nomSecteur12', 3);
INSERT INTO testdb.secteur (id, description, nom, site_id) VALUES (12, 'purus sapien, gravida non, sollicitudin a, malesuada id, erat. Etiam vestibulum massa rutrum magna. Cras convallis convallis', 'nomSecteur13', 4);
INSERT INTO testdb.secteur (id, description, nom, site_id) VALUES (13, 'semper pretium neque. Morbi quis urna. Nunc quis arcu vel quam dignissim pharetra. Nam ac nulla. In tincidunt congue turpis. In condimentum. Donec at arcu. Vestibulum ante ipsum primis in faucibus orci luctus et ultrices posuere cubilia Curae; Donec tincidunt. Donec vitae erat', 'nomSecteur14', 4);
INSERT INTO testdb.secteur (id, description, nom, site_id) VALUES (14, 'adipiscing elit. Etiam laoreet, libero et tristique pellentesque, tellus sem mollis dui, in sodales elit erat vitae risus. Duis', 'nomSecteur15', 5);
INSERT INTO testdb.secteur (id, description, nom, site_id) VALUES (15, 'non magna. Nam ligula elit, pretium et, rutrum non, hendrerit id, ante. Nunc mauris sapien, cursus in, hendrerit consectetuer, cursus et, magna. Praesent interdum ligula eu enim. Etiam', 'nomSecteur16', 6);
INSERT INTO testdb.secteur (id, description, nom, site_id) VALUES (16, 'Nam ligula elit, pretium et, rutrum non, hendrerit id, ante. Nunc mauris sapien, cursus in, hendrerit consectetuer, cursus et, magna. Praesent interdum ligula eu enim. Etiam imperdiet dictum magna. Ut tincidunt orci quis lectus. Nullam suscipit, est ac facilisis facilisis, magna tellus faucibus leo, in lobortis tellus justo', 'nomSecteur17', 6);
INSERT INTO testdb.secteur (id, description, nom, site_id) VALUES (17, 'quis arcu vel quam dignissim pharetra. Nam ac nulla. In tincidunt congue turpis. In condimentum. Donec at arcu. Vestibulum ante ipsum primis in faucibus orci luctus et ultrices posuere cubilia Curae; Donec tincidunt. Donec vitae erat vel pede blandit congue. In scelerisque scelerisque dui. Suspendisse ac metus vitae velit egestas', 'nomSecteur18', 6);
INSERT INTO testdb.secteur (id, description, nom, site_id) VALUES (18, 'metus. In nec orci. Donec nibh. Quisque nonummy ipsum non arcu. Vivamus sit amet risus. Donec egestas. Aliquam nec enim. Nunc ut erat. Sed nunc est, mollis non, cursus non, egestas a, dui. Cras pellentesque. Sed dictum. Proin eget odio. Aliquam vulputate', 'nomSecteur19', 6);
INSERT INTO testdb.secteur (id, description, nom, site_id) VALUES (19, 'Suspendisse sed dolor. Fusce mi lorem, vehicula et, rutrum eu, ultrices sit amet, risus. Donec nibh enim, gravida sit amet, dapibus id, blandit at, nisi. Cum sociis natoque penatibus et magnis dis parturient montes, nascetur ridiculus mus. Proin vel nisl. Quisque fringilla euismod enim.', 'nomSecteur20', 7);
INSERT INTO testdb.secteur (id, description, nom, site_id) VALUES (20, 'tristique neque venenatis lacus. Etiam bibendum fermentum metus. Aenean sed pede nec ante blandit viverra. Donec tempus,', 'nomSecteur21', 7);
INSERT INTO testdb.secteur (id, description, nom, site_id) VALUES (21, 'sem ut dolor dapibus gravida. Aliquam tincidunt, nunc ac mattis ornare, lectus ante dictum mi, ac mattis velit justo nec ante. Maecenas mi felis, adipiscing fringilla, porttitor vulputate, posuere vulputate, lacus. Cras interdum. Nunc sollicitudin commodo ipsum. Suspendisse', 'nomSecteur22', 7);
INSERT INTO testdb.secteur (id, description, nom, site_id) VALUES (22, 'magnis dis parturient montes, nascetur ridiculus mus. Donec dignissim magna a tortor. Nunc commodo auctor velit. Aliquam nisl. Nulla eu neque pellentesque massa lobortis ultrices. Vivamus rhoncus. Donec est. Nunc ullamcorper, velit in aliquet lobortis, nisi nibh lacinia orci, consectetuer euismod est arcu ac orci. Ut semper pretium neque. Morbi', 'nomSecteur23', 8);
INSERT INTO testdb.secteur (id, description, nom, site_id) VALUES (23, 'tincidunt. Donec vitae erat vel pede blandit congue. In scelerisque scelerisque dui. Suspendisse ac metus vitae velit', 'nomSecteur24', 8);
INSERT INTO testdb.secteur (id, description, nom, site_id) VALUES (24, 'eu nibh vulputate mauris sagittis placerat. Cras dictum ultricies ligula. Nullam enim. Sed nulla ante, iaculis nec, eleifend non, dapibus rutrum, justo. Praesent luctus. Curabitur egestas nunc sed libero. Proin sed turpis nec mauris blandit mattis. Cras eget nisi dictum', 'nomSecteur25', 9);
INSERT INTO testdb.secteur (id, description, nom, site_id) VALUES (25, 'et netus et malesuada fames ac turpis egestas. Aliquam fringilla cursus purus. Nullam scelerisque neque', 'nomSecteur26', 11);
INSERT INTO testdb.secteur (id, description, nom, site_id) VALUES (26, 'adipiscing, enim mi tempor lorem, eget mollis lectus pede et risus. Quisque libero lacus, varius et, euismod et, commodo at, libero. Morbi accumsan laoreet ipsum. Curabitur consequat, lectus sit amet luctus vulputate,', 'nomSecteur27', 11);
INSERT INTO testdb.secteur (id, description, nom, site_id) VALUES (27, 'mauris eu elit. Nulla facilisi. Sed neque. Sed eget lacus. Mauris non dui nec urna suscipit nonummy. Fusce fermentum fermentum', 'nomSecteur28', 11);
INSERT INTO testdb.secteur (id, description, nom, site_id) VALUES (28, 'odio. Phasellus at augue id ante dictum cursus. Nunc mauris elit, dictum eu, eleifend nec,', 'nomSecteur29', 12);
INSERT INTO testdb.secteur (id, description, nom, site_id) VALUES (29, 'Nullam vitae diam. Proin dolor. Nulla semper tellus id nunc interdum feugiat. Sed nec metus facilisis lorem tristique aliquet. Phasellus fermentum convallis ligula. Donec luctus aliquet odio. Etiam ligula tortor, dictum eu, placerat eget, venenatis a, magna. Lorem ipsum dolor sit amet, consectetuer', 'nomSecteur30', 12);
INSERT INTO testdb.secteur (id, description, nom, site_id) VALUES (30, 'Etiam bibendum fermentum metus. Aenean sed pede nec ante blandit viverra. Donec tempus, lorem fringilla ornare placerat, orci lacus vestibulum lorem, sit amet ultricies sem magna nec quam. Curabitur vel lectus. Cum sociis natoque penatibus et magnis dis parturient montes, nascetur ridiculus mus. Donec dignissim magna a', 'nomSecteur31', 12);
INSERT INTO testdb.secteur (id, description, nom, site_id) VALUES (31, 'Curabitur dictum. Phasellus in felis. Nulla tempor augue ac ipsum. Phasellus vitae mauris sit amet lorem semper auctor. Mauris vel turpis. Aliquam adipiscing lobortis risus. In mi pede, nonummy ut, molestie in, tempus', 'nomSecteur32', 12);
INSERT INTO testdb.secteur (id, description, nom, site_id) VALUES (32, 'at pede. Cras vulputate velit eu sem. Pellentesque ut ipsum ac mi eleifend egestas. Sed pharetra, felis eget varius ultrices, mauris ipsum porta elit, a feugiat tellus lorem eu metus. In lorem. Donec elementum, lorem', 'nomSecteur33', 14);
INSERT INTO testdb.secteur (id, description, nom, site_id) VALUES (33, 'elit fermentum risus, at fringilla purus mauris a nunc. In at pede. Cras vulputate velit eu sem. Pellentesque ut ipsum ac mi eleifend egestas. Sed pharetra, felis eget varius ultrices, mauris ipsum porta elit, a feugiat tellus lorem eu metus. In lorem. Donec elementum, lorem ut aliquam iaculis, lacus', 'nomSecteur34', 14);
INSERT INTO testdb.secteur (id, description, nom, site_id) VALUES (34, 'tempor lorem, eget mollis lectus pede et risus. Quisque libero lacus, varius et, euismod et, commodo at, libero. Morbi accumsan laoreet ipsum. Curabitur consequat, lectus sit amet luctus', 'nomSecteur35', 16);
INSERT INTO testdb.secteur (id, description, nom, site_id) VALUES (35, 'Suspendisse sed dolor. Fusce mi lorem, vehicula et, rutrum eu, ultrices sit amet, risus. Donec nibh enim, gravida sit amet, dapibus id, blandit at, nisi. Cum sociis natoque penatibus et magnis dis parturient montes, nascetur ridiculus mus. Proin vel nisl. Quisque fringilla euismod enim. Etiam gravida molestie arcu. Sed', 'nomSecteur36', 16);
INSERT INTO testdb.secteur (id, description, nom, site_id) VALUES (36, 'lobortis ultrices. Vivamus rhoncus. Donec est. Nunc ullamcorper, velit in aliquet lobortis, nisi nibh lacinia orci, consectetuer euismod est arcu ac orci. Ut semper pretium neque. Morbi quis urna. Nunc quis arcu vel quam dignissim pharetra. Nam ac nulla. In tincidunt congue turpis.', 'nomSecteur37', 16);
INSERT INTO testdb.secteur (id, description, nom, site_id) VALUES (37, 'elit, pharetra ut, pharetra sed, hendrerit a, arcu. Sed et libero. Proin mi. Aliquam gravida mauris ut mi. Duis risus odio, auctor vitae, aliquet nec, imperdiet nec, leo. Morbi neque tellus, imperdiet non, vestibulum nec, euismod in, dolor. Fusce feugiat. Lorem ipsum dolor sit amet, consectetuer adipiscing elit.', 'nomSecteur38', 18);
INSERT INTO testdb.secteur (id, description, nom, site_id) VALUES (38, 'aliquet, metus urna convallis erat, eget tincidunt dui augue eu tellus. Phasellus elit pede, malesuada vel, venenatis vel, faucibus id, libero. Donec consectetuer mauris id sapien. Cras', 'nomSecteur39', 18);
INSERT INTO testdb.secteur (id, description, nom, site_id) VALUES (39, '"id, blandit at, nisi. Cum sociis natoque penatibus et magnis dis parturient montes, nascetur ridiculus mus. Proin vel nisl. Quisque fringilla euismod enim. Etiam gravida molestie arcu. Sed eu nibh vulputate mauris sagittis placerat. Cras dictum ultricies ligula. Nullam enim. Sed nulla ante, iaculis nec, eleifend non,', 'nomSecteur40', 20);
INSERT INTO testdb.secteur (id, description, nom, site_id) VALUES (40, 'mollis. Phasellus libero mauris, aliquam eu, accumsan sed, facilisis vitae, orci. Phasellus dapibus quam quis diam. Pellentesque habitant morbi tristique', 'nomSecteur41', 20);
INSERT INTO testdb.secteur (id, description, nom, site_id) VALUES (41, 'felis. Nulla tempor augue ac ipsum. Phasellus vitae mauris sit amet lorem semper auctor. Mauris vel turpis', 'nomSecteur42', 20);
INSERT INTO testdb.secteur (id, description, nom, site_id) VALUES (42, 'sollicitudin adipiscing ligula. Aenean gravida nunc sed pede. Cum sociis natoque penatibus et magnis dis parturient montes, nascetur ridiculus mus. Proin vel arcu', 'nomSecteur43', 5);
INSERT INTO testdb.secteur (id, description, nom, site_id) VALUES (43, 'dui quis accumsan convallis, ante lectus convallis est, vitae sodales nisi magna sed dui. Fusce aliquam, enim nec tempus scelerisque, lorem ipsum', 'nomSecteur44', 5);
INSERT INTO testdb.secteur (id, description, nom, site_id) VALUES (44, 'Praesent interdum ligula eu enim. Etiam imperdiet dictum magna. Ut tincidunt orci quis lectus. Nullam suscipit, est ac', 'nomSecteur45', 9);
INSERT INTO testdb.secteur (id, description, nom, site_id) VALUES (45, 'sodales nisi magna sed dui. Fusce aliquam, enim nec tempus scelerisque, lorem ipsum sodales purus, in molestie tortor nibh sit amet orci. Ut sagittis lobortis mauris. Suspendisse aliquet molestie tellus. Aenean egestas hendrerit neque. In ornare sagittis felis. Donec', 'nomSecteur46', 9);
INSERT INTO testdb.secteur (id, description, nom, site_id) VALUES (46, 'tempus eu, ligula. Aenean euismod mauris eu elit. Nulla facilisi. Sed neque. Sed eget lacus. Mauris non dui nec urna suscipit nonummy. Fusce fermentum fermentum arcu. Vestibulum ante ipsum primis in faucibus orci luctus et ultrices posuere cubilia Curae; Phasellus ornare. Fusce mollis. Duis sit amet diam eu dolor egestas', 'nomSecteur47', 20);
INSERT INTO testdb.secteur (id, description, nom, site_id) VALUES (47, 'vel lectus. Cum sociis natoque penatibus et magnis dis parturient montes, nascetur ridiculus mus. Donec dignissim magna a tortor. Nunc commodo auctor velit. Aliquam nisl. Nulla eu neque pellentesque massa lobortis ultrices. Vivamus rhoncus. Donec est. Nunc ullamcorper, velit in aliquet', 'nomSecteur48', 20);
INSERT INTO testdb.secteur (id, description, nom, site_id) VALUES (48, 'non dui nec urna suscipit nonummy. Fusce fermentum fermentum arcu. Vestibulum ante ipsum primis in faucibus orci luctus et ultrices posuere cubilia Curae; Phasellus', 'nomSecteur49', 17);
INSERT INTO testdb.secteur (id, description, nom, site_id) VALUES (49, 'a, scelerisque sed, sapien. Nunc pulvinar arcu et pede. Nunc sed orci lobortis augue scelerisque mollis. Phasellus libero mauris, aliquam eu, accumsan', 'nomSecteur50', 17);
INSERT INTO testdb.secteur (id, description, nom, site_id) VALUES (50, 'consequat nec, mollis vitae, posuere at, velit. Cras lorem lorem, luctus ut, pellentesque eget, dictum placerat, augue. Sed molestie. Sed id risus quis diam luctus lobortis. Class aptent taciti sociosqu ad litora torquent per conubia nostra, per inceptos', 'nomSecteur51', 1);
INSERT INTO testdb.secteur (id, description, nom, site_id) VALUES (51, 'ornare. In faucibus. Morbi vehicula. Pellentesque tincidunt tempus risus. Donec egestas. Duis ac arcu. Nunc mauris. Morbi non sapien molestie orci tincidunt adipiscing. Mauris molestie pharetra nibh. Aliquam ornare, libero at auctor ullamcorper, nisl arcu iaculis enim, sit amet ornare lectus justo eu arcu. Morbi', 'nomSecteur52', 1);
INSERT INTO testdb.secteur (id, description, nom, site_id) VALUES (52, 'id, blandit at, nisi. Cum sociis natoque penatibus et magnis dis parturient montes, nascetur ridiculus mus. Proin vel nisl.', 'nomSecteur53', 8);
INSERT INTO testdb.secteur (id, description, nom, site_id) VALUES (53, 'Etiam imperdiet dictum magna. Ut tincidunt orci quis lectus. Nullam suscipit, est ac facilisis facilisis, magna', 'nomSecteur54', 3);
INSERT INTO testdb.secteur (id, description, nom, site_id) VALUES (54, 'nonummy ultricies ornare, elit elit fermentum risus, at fringilla purus mauris a nunc. In at pede. Cras vulputate velit eu sem. Pellentesque ut ipsum ac mi eleifend egestas.', 'nomSecteur55', 3);
INSERT INTO testdb.secteur (id, description, nom, site_id) VALUES (55, 'ultrices sit amet, risus. Donec nibh enim, gravida sit amet, dapibus id, blandit at, nisi. Cum sociis natoque penatibus et magnis dis parturient montes, nascetur ridiculus mus. Proin vel nisl. Quisque fringilla euismod enim. Etiam gravida molestie arcu. Sed eu nibh vulputate mauris sagittis placerat. Cras dictum ultricies', 'nomSecteur56', 4);
INSERT INTO testdb.secteur (id, description, nom, site_id) VALUES (56, 'feugiat non, lobortis quis, pede. Suspendisse dui. Fusce diam nunc, ullamcorper eu, euismod ac, fermentum vel, mauris. Integer sem elit, pharetra ut, pharetra sed, hendrerit a, arcu. Sed et libero. Proin mi. Aliquam gravida mauris ut', 'nomSecteur57', 4);
INSERT INTO testdb.secteur (id, description, nom, site_id) VALUES (57, 'magna, malesuada vel, convallis in, cursus et, eros. Proin ultrices. Duis volutpat nunc sit amet', 'nomSecteur58', 7);
INSERT INTO testdb.secteur (id, description, nom, site_id) VALUES (58, 'Proin non massa non ante bibendum ullamcorper. Duis cursus, diam at pretium aliquet, metus urna convallis erat, eget tincidunt dui augue eu tellus. Phasellus elit pede, malesuada vel, venenatis vel, faucibus id, libero. Donec consectetuer mauris id sapien. Cras dolor', 'nomSecteur59', 9);
INSERT INTO testdb.secteur (id, description, nom, site_id) VALUES (59, 'Donec vitae erat vel pede blandit congue. In scelerisque scelerisque dui. Suspendisse ac metus vitae velit egestas lacinia. Sed congue, elit sed consequat auctor, nunc nulla vulputate dui, nec tempus mauris erat eget ipsum. Suspendisse sagittis. Nullam vitae diam.', 'nomSecteur60', 9);


--
-- TOC entry 2914 (class 0 OID 405546)
-- Dependencies: 216
-- Data for Name: voie; Type: TABLE DATA; Schema: testdb; Owner: postgres
--

INSERT INTO testdb.voie (id, cotation_bloc, cotation_falaise, is_equipe, secteur_id, site_id) VALUES (1, '_4', NULL, true, 1, NULL);
INSERT INTO testdb.voie (id, cotation_bloc, cotation_falaise, is_equipe, secteur_id, site_id) VALUES (2, '_4', NULL, true, 3, NULL);
INSERT INTO testdb.voie (id, cotation_bloc, cotation_falaise, is_equipe, secteur_id, site_id) VALUES (3, '_4', NULL, true, 51, NULL);
INSERT INTO testdb.voie (id, cotation_bloc, cotation_falaise, is_equipe, secteur_id, site_id) VALUES (4, '_4', NULL, false, 8, NULL);
INSERT INTO testdb.voie (id, cotation_bloc, cotation_falaise, is_equipe, secteur_id, site_id) VALUES (5, '_4', NULL, false, 11, NULL);
INSERT INTO testdb.voie (id, cotation_bloc, cotation_falaise, is_equipe, secteur_id, site_id) VALUES (6, '_4', NULL, false, 55, NULL);
INSERT INTO testdb.voie (id, cotation_bloc, cotation_falaise, is_equipe, secteur_id, site_id) VALUES (7, '_4', NULL, false, 14, NULL);
INSERT INTO testdb.voie (id, cotation_bloc, cotation_falaise, is_equipe, secteur_id, site_id) VALUES (8, '_4', NULL, false, 15, NULL);
INSERT INTO testdb.voie (id, cotation_bloc, cotation_falaise, is_equipe, secteur_id, site_id) VALUES (9, '_4', NULL, true, 17, NULL);
INSERT INTO testdb.voie (id, cotation_bloc, cotation_falaise, is_equipe, secteur_id, site_id) VALUES (10, '_4plus', NULL, false, 1, NULL);
INSERT INTO testdb.voie (id, cotation_bloc, cotation_falaise, is_equipe, secteur_id, site_id) VALUES (11, '_4plus', NULL, false, 3, NULL);
INSERT INTO testdb.voie (id, cotation_bloc, cotation_falaise, is_equipe, secteur_id, site_id) VALUES (12, '_4plus', NULL, false, 51, NULL);
INSERT INTO testdb.voie (id, cotation_bloc, cotation_falaise, is_equipe, secteur_id, site_id) VALUES (13, '_4plus', NULL, false, 8, NULL);
INSERT INTO testdb.voie (id, cotation_bloc, cotation_falaise, is_equipe, secteur_id, site_id) VALUES (14, '_4plus', NULL, false, 11, NULL);
INSERT INTO testdb.voie (id, cotation_bloc, cotation_falaise, is_equipe, secteur_id, site_id) VALUES (15, '_4plus', NULL, true, 55, NULL);
INSERT INTO testdb.voie (id, cotation_bloc, cotation_falaise, is_equipe, secteur_id, site_id) VALUES (16, '_4plus', NULL, true, 14, NULL);
INSERT INTO testdb.voie (id, cotation_bloc, cotation_falaise, is_equipe, secteur_id, site_id) VALUES (17, '_4plus', NULL, true, 15, NULL);
INSERT INTO testdb.voie (id, cotation_bloc, cotation_falaise, is_equipe, secteur_id, site_id) VALUES (18, '_5', NULL, true, 1, NULL);
INSERT INTO testdb.voie (id, cotation_bloc, cotation_falaise, is_equipe, secteur_id, site_id) VALUES (19, '_5', NULL, true, 3, NULL);
INSERT INTO testdb.voie (id, cotation_bloc, cotation_falaise, is_equipe, secteur_id, site_id) VALUES (20, '_5', NULL, true, 51, NULL);
INSERT INTO testdb.voie (id, cotation_bloc, cotation_falaise, is_equipe, secteur_id, site_id) VALUES (21, '_5', NULL, true, 8, NULL);
INSERT INTO testdb.voie (id, cotation_bloc, cotation_falaise, is_equipe, secteur_id, site_id) VALUES (22, '_5', NULL, false, 11, NULL);
INSERT INTO testdb.voie (id, cotation_bloc, cotation_falaise, is_equipe, secteur_id, site_id) VALUES (23, '_5', NULL, false, 55, NULL);
INSERT INTO testdb.voie (id, cotation_bloc, cotation_falaise, is_equipe, secteur_id, site_id) VALUES (24, '_5', NULL, false, 56, NULL);
INSERT INTO testdb.voie (id, cotation_bloc, cotation_falaise, is_equipe, secteur_id, site_id) VALUES (25, '_5plus', NULL, false, 1, NULL);
INSERT INTO testdb.voie (id, cotation_bloc, cotation_falaise, is_equipe, secteur_id, site_id) VALUES (26, '_5plus', NULL, false, 3, NULL);
INSERT INTO testdb.voie (id, cotation_bloc, cotation_falaise, is_equipe, secteur_id, site_id) VALUES (27, '_5plus', NULL, false, 52, NULL);
INSERT INTO testdb.voie (id, cotation_bloc, cotation_falaise, is_equipe, secteur_id, site_id) VALUES (28, '_5plus', NULL, false, 8, NULL);
INSERT INTO testdb.voie (id, cotation_bloc, cotation_falaise, is_equipe, secteur_id, site_id) VALUES (29, '_5plus', NULL, false, 11, NULL);
INSERT INTO testdb.voie (id, cotation_bloc, cotation_falaise, is_equipe, secteur_id, site_id) VALUES (30, '_5plus', NULL, true, 55, NULL);
INSERT INTO testdb.voie (id, cotation_bloc, cotation_falaise, is_equipe, secteur_id, site_id) VALUES (31, '_5plus', NULL, true, 56, NULL);
INSERT INTO testdb.voie (id, cotation_bloc, cotation_falaise, is_equipe, secteur_id, site_id) VALUES (32, '_5plus', NULL, true, 17, NULL);
INSERT INTO testdb.voie (id, cotation_bloc, cotation_falaise, is_equipe, secteur_id, site_id) VALUES (33, '_6A', NULL, true, 1, NULL);
INSERT INTO testdb.voie (id, cotation_bloc, cotation_falaise, is_equipe, secteur_id, site_id) VALUES (34, '_6A', NULL, true, 4, NULL);
INSERT INTO testdb.voie (id, cotation_bloc, cotation_falaise, is_equipe, secteur_id, site_id) VALUES (35, '_6A', NULL, true, 52, NULL);
INSERT INTO testdb.voie (id, cotation_bloc, cotation_falaise, is_equipe, secteur_id, site_id) VALUES (36, '_6A', NULL, true, 8, NULL);
INSERT INTO testdb.voie (id, cotation_bloc, cotation_falaise, is_equipe, secteur_id, site_id) VALUES (37, '_6A', NULL, false, 11, NULL);
INSERT INTO testdb.voie (id, cotation_bloc, cotation_falaise, is_equipe, secteur_id, site_id) VALUES (38, '_6A', NULL, false, 55, NULL);
INSERT INTO testdb.voie (id, cotation_bloc, cotation_falaise, is_equipe, secteur_id, site_id) VALUES (39, '_6A', NULL, false, 56, NULL);
INSERT INTO testdb.voie (id, cotation_bloc, cotation_falaise, is_equipe, secteur_id, site_id) VALUES (40, '_6A', NULL, false, 43, NULL);
INSERT INTO testdb.voie (id, cotation_bloc, cotation_falaise, is_equipe, secteur_id, site_id) VALUES (41, '_6A', NULL, false, 17, NULL);
INSERT INTO testdb.voie (id, cotation_bloc, cotation_falaise, is_equipe, secteur_id, site_id) VALUES (42, '_6Aplus', NULL, false, 4, NULL);
INSERT INTO testdb.voie (id, cotation_bloc, cotation_falaise, is_equipe, secteur_id, site_id) VALUES (43, '_6Aplus', NULL, false, 52, NULL);
INSERT INTO testdb.voie (id, cotation_bloc, cotation_falaise, is_equipe, secteur_id, site_id) VALUES (44, '_6Aplus', NULL, false, 9, NULL);
INSERT INTO testdb.voie (id, cotation_bloc, cotation_falaise, is_equipe, secteur_id, site_id) VALUES (45, '_6Aplus', NULL, false, 12, NULL);
INSERT INTO testdb.voie (id, cotation_bloc, cotation_falaise, is_equipe, secteur_id, site_id) VALUES (46, '_6Aplus', NULL, true, 55, NULL);
INSERT INTO testdb.voie (id, cotation_bloc, cotation_falaise, is_equipe, secteur_id, site_id) VALUES (47, '_6Aplus', NULL, true, 56, NULL);
INSERT INTO testdb.voie (id, cotation_bloc, cotation_falaise, is_equipe, secteur_id, site_id) VALUES (48, '_6B', NULL, true, 1, NULL);
INSERT INTO testdb.voie (id, cotation_bloc, cotation_falaise, is_equipe, secteur_id, site_id) VALUES (49, '_6B', NULL, true, 4, NULL);
INSERT INTO testdb.voie (id, cotation_bloc, cotation_falaise, is_equipe, secteur_id, site_id) VALUES (50, '_6B', NULL, true, 52, NULL);
INSERT INTO testdb.voie (id, cotation_bloc, cotation_falaise, is_equipe, secteur_id, site_id) VALUES (51, '_6B', NULL, true, 9, NULL);
INSERT INTO testdb.voie (id, cotation_bloc, cotation_falaise, is_equipe, secteur_id, site_id) VALUES (52, '_6B', NULL, false, 12, NULL);
INSERT INTO testdb.voie (id, cotation_bloc, cotation_falaise, is_equipe, secteur_id, site_id) VALUES (53, '_6B', NULL, false, 55, NULL);
INSERT INTO testdb.voie (id, cotation_bloc, cotation_falaise, is_equipe, secteur_id, site_id) VALUES (54, '_6Bplus', NULL, false, 12, NULL);
INSERT INTO testdb.voie (id, cotation_bloc, cotation_falaise, is_equipe, secteur_id, site_id) VALUES (55, '_6B', NULL, false, 56, NULL);
INSERT INTO testdb.voie (id, cotation_bloc, cotation_falaise, is_equipe, secteur_id, site_id) VALUES (56, '_6B', NULL, false, 43, NULL);
INSERT INTO testdb.voie (id, cotation_bloc, cotation_falaise, is_equipe, secteur_id, site_id) VALUES (57, '_6Bplus', NULL, true, 13, NULL);
INSERT INTO testdb.voie (id, cotation_bloc, cotation_falaise, is_equipe, secteur_id, site_id) VALUES (58, '_6Bplus', NULL, true, 56, NULL);
INSERT INTO testdb.voie (id, cotation_bloc, cotation_falaise, is_equipe, secteur_id, site_id) VALUES (59, '_6Bplus', NULL, true, 43, NULL);
INSERT INTO testdb.voie (id, cotation_bloc, cotation_falaise, is_equipe, secteur_id, site_id) VALUES (60, '_6B', NULL, false, 18, NULL);
INSERT INTO testdb.voie (id, cotation_bloc, cotation_falaise, is_equipe, secteur_id, site_id) VALUES (61, '_6Bplus', NULL, true, 18, NULL);
INSERT INTO testdb.voie (id, cotation_bloc, cotation_falaise, is_equipe, secteur_id, site_id) VALUES (62, '_6Bplus', NULL, false, 2, NULL);
INSERT INTO testdb.voie (id, cotation_bloc, cotation_falaise, is_equipe, secteur_id, site_id) VALUES (63, '_6Bplus', NULL, false, 4, NULL);
INSERT INTO testdb.voie (id, cotation_bloc, cotation_falaise, is_equipe, secteur_id, site_id) VALUES (64, '_6Bplus', NULL, false, 52, NULL);
INSERT INTO testdb.voie (id, cotation_bloc, cotation_falaise, is_equipe, secteur_id, site_id) VALUES (65, '_6Bplus', NULL, false, 9, NULL);
INSERT INTO testdb.voie (id, cotation_bloc, cotation_falaise, is_equipe, secteur_id, site_id) VALUES (66, '_6C', NULL, true, 2, NULL);
INSERT INTO testdb.voie (id, cotation_bloc, cotation_falaise, is_equipe, secteur_id, site_id) VALUES (67, '_6C', NULL, true, 4, NULL);
INSERT INTO testdb.voie (id, cotation_bloc, cotation_falaise, is_equipe, secteur_id, site_id) VALUES (68, '_6C', NULL, true, 52, NULL);
INSERT INTO testdb.voie (id, cotation_bloc, cotation_falaise, is_equipe, secteur_id, site_id) VALUES (69, '_6C', NULL, true, 9, NULL);
INSERT INTO testdb.voie (id, cotation_bloc, cotation_falaise, is_equipe, secteur_id, site_id) VALUES (70, '_6C', NULL, false, 12, NULL);
INSERT INTO testdb.voie (id, cotation_bloc, cotation_falaise, is_equipe, secteur_id, site_id) VALUES (71, '_6C', NULL, false, 13, NULL);
INSERT INTO testdb.voie (id, cotation_bloc, cotation_falaise, is_equipe, secteur_id, site_id) VALUES (72, '_6C', NULL, false, 56, NULL);
INSERT INTO testdb.voie (id, cotation_bloc, cotation_falaise, is_equipe, secteur_id, site_id) VALUES (73, '_6Cplus', NULL, false, 4, NULL);
INSERT INTO testdb.voie (id, cotation_bloc, cotation_falaise, is_equipe, secteur_id, site_id) VALUES (74, '_6Cplus', NULL, false, 6, NULL);
INSERT INTO testdb.voie (id, cotation_bloc, cotation_falaise, is_equipe, secteur_id, site_id) VALUES (75, '_6Cplus', NULL, false, 9, NULL);
INSERT INTO testdb.voie (id, cotation_bloc, cotation_falaise, is_equipe, secteur_id, site_id) VALUES (76, '_6Cplus', NULL, false, 12, NULL);
INSERT INTO testdb.voie (id, cotation_bloc, cotation_falaise, is_equipe, secteur_id, site_id) VALUES (77, '_6Cplus', NULL, true, 13, NULL);
INSERT INTO testdb.voie (id, cotation_bloc, cotation_falaise, is_equipe, secteur_id, site_id) VALUES (78, '_6Cplus', NULL, true, 56, NULL);
INSERT INTO testdb.voie (id, cotation_bloc, cotation_falaise, is_equipe, secteur_id, site_id) VALUES (79, '_6Cplus', NULL, true, 43, NULL);
INSERT INTO testdb.voie (id, cotation_bloc, cotation_falaise, is_equipe, secteur_id, site_id) VALUES (80, '_6Cplus', NULL, true, 18, NULL);
INSERT INTO testdb.voie (id, cotation_bloc, cotation_falaise, is_equipe, secteur_id, site_id) VALUES (81, '_7A', NULL, true, 6, NULL);
INSERT INTO testdb.voie (id, cotation_bloc, cotation_falaise, is_equipe, secteur_id, site_id) VALUES (82, '_7A', NULL, true, 9, NULL);
INSERT INTO testdb.voie (id, cotation_bloc, cotation_falaise, is_equipe, secteur_id, site_id) VALUES (83, '_7A', NULL, false, 12, NULL);
INSERT INTO testdb.voie (id, cotation_bloc, cotation_falaise, is_equipe, secteur_id, site_id) VALUES (84, '_7A', NULL, false, 57, NULL);
INSERT INTO testdb.voie (id, cotation_bloc, cotation_falaise, is_equipe, secteur_id, site_id) VALUES (85, '_7A', NULL, false, 44, NULL);
INSERT INTO testdb.voie (id, cotation_bloc, cotation_falaise, is_equipe, secteur_id, site_id) VALUES (86, '_7A', NULL, false, 18, NULL);
INSERT INTO testdb.voie (id, cotation_bloc, cotation_falaise, is_equipe, secteur_id, site_id) VALUES (87, '_7Aplus', NULL, false, 2, NULL);
INSERT INTO testdb.voie (id, cotation_bloc, cotation_falaise, is_equipe, secteur_id, site_id) VALUES (88, '_7Aplus', NULL, false, 4, NULL);
INSERT INTO testdb.voie (id, cotation_bloc, cotation_falaise, is_equipe, secteur_id, site_id) VALUES (89, '_7Aplus', NULL, false, 6, NULL);
INSERT INTO testdb.voie (id, cotation_bloc, cotation_falaise, is_equipe, secteur_id, site_id) VALUES (90, '_7Aplus', NULL, false, 10, NULL);
INSERT INTO testdb.voie (id, cotation_bloc, cotation_falaise, is_equipe, secteur_id, site_id) VALUES (91, '_7Aplus', NULL, false, 12, NULL);
INSERT INTO testdb.voie (id, cotation_bloc, cotation_falaise, is_equipe, secteur_id, site_id) VALUES (92, '_7Aplus', NULL, false, 13, NULL);
INSERT INTO testdb.voie (id, cotation_bloc, cotation_falaise, is_equipe, secteur_id, site_id) VALUES (93, '_7Aplus', NULL, false, 57, NULL);
INSERT INTO testdb.voie (id, cotation_bloc, cotation_falaise, is_equipe, secteur_id, site_id) VALUES (94, '_7Aplus', NULL, false, 44, NULL);
INSERT INTO testdb.voie (id, cotation_bloc, cotation_falaise, is_equipe, secteur_id, site_id) VALUES (95, '_7B', NULL, false, 2, NULL);
INSERT INTO testdb.voie (id, cotation_bloc, cotation_falaise, is_equipe, secteur_id, site_id) VALUES (96, '_7B', NULL, false, 12, NULL);
INSERT INTO testdb.voie (id, cotation_bloc, cotation_falaise, is_equipe, secteur_id, site_id) VALUES (97, '_7B', NULL, true, 13, NULL);
INSERT INTO testdb.voie (id, cotation_bloc, cotation_falaise, is_equipe, secteur_id, site_id) VALUES (98, '_7B', NULL, true, 57, NULL);
INSERT INTO testdb.voie (id, cotation_bloc, cotation_falaise, is_equipe, secteur_id, site_id) VALUES (99, '_7B', NULL, true, 44, NULL);
INSERT INTO testdb.voie (id, cotation_bloc, cotation_falaise, is_equipe, secteur_id, site_id) VALUES (100, '_7B', NULL, true, 19, NULL);
INSERT INTO testdb.voie (id, cotation_bloc, cotation_falaise, is_equipe, secteur_id, site_id) VALUES (101, '_7Bplus', NULL, true, 2, NULL);
INSERT INTO testdb.voie (id, cotation_bloc, cotation_falaise, is_equipe, secteur_id, site_id) VALUES (102, '_7Bplus', NULL, true, 5, NULL);
INSERT INTO testdb.voie (id, cotation_bloc, cotation_falaise, is_equipe, secteur_id, site_id) VALUES (103, '_7Bplus', NULL, true, 6, NULL);
INSERT INTO testdb.voie (id, cotation_bloc, cotation_falaise, is_equipe, secteur_id, site_id) VALUES (104, '_7Bplus', NULL, true, 10, NULL);
INSERT INTO testdb.voie (id, cotation_bloc, cotation_falaise, is_equipe, secteur_id, site_id) VALUES (105, '_7Bplus', NULL, false, 54, NULL);
INSERT INTO testdb.voie (id, cotation_bloc, cotation_falaise, is_equipe, secteur_id, site_id) VALUES (106, '_7Bplus', NULL, false, 13, NULL);
INSERT INTO testdb.voie (id, cotation_bloc, cotation_falaise, is_equipe, secteur_id, site_id) VALUES (107, '_7Bplus', NULL, false, 57, NULL);
INSERT INTO testdb.voie (id, cotation_bloc, cotation_falaise, is_equipe, secteur_id, site_id) VALUES (108, '_7Bplus', NULL, false, 44, NULL);
INSERT INTO testdb.voie (id, cotation_bloc, cotation_falaise, is_equipe, secteur_id, site_id) VALUES (109, '_7Bplus', NULL, false, 19, NULL);
INSERT INTO testdb.voie (id, cotation_bloc, cotation_falaise, is_equipe, secteur_id, site_id) VALUES (110, '_7C', NULL, false, 2, NULL);
INSERT INTO testdb.voie (id, cotation_bloc, cotation_falaise, is_equipe, secteur_id, site_id) VALUES (111, '_7C', NULL, false, 5, NULL);
INSERT INTO testdb.voie (id, cotation_bloc, cotation_falaise, is_equipe, secteur_id, site_id) VALUES (112, '_7C', NULL, false, 10, NULL);
INSERT INTO testdb.voie (id, cotation_bloc, cotation_falaise, is_equipe, secteur_id, site_id) VALUES (113, '_7C', NULL, true, 14, NULL);
INSERT INTO testdb.voie (id, cotation_bloc, cotation_falaise, is_equipe, secteur_id, site_id) VALUES (114, '_7C', NULL, true, 57, NULL);
INSERT INTO testdb.voie (id, cotation_bloc, cotation_falaise, is_equipe, secteur_id, site_id) VALUES (115, '_7C', NULL, true, 44, NULL);
INSERT INTO testdb.voie (id, cotation_bloc, cotation_falaise, is_equipe, secteur_id, site_id) VALUES (116, '_7C', NULL, true, 19, NULL);
INSERT INTO testdb.voie (id, cotation_bloc, cotation_falaise, is_equipe, secteur_id, site_id) VALUES (117, '_7Cplus', NULL, true, 7, NULL);
INSERT INTO testdb.voie (id, cotation_bloc, cotation_falaise, is_equipe, secteur_id, site_id) VALUES (118, '_7Cplus', NULL, true, 10, NULL);
INSERT INTO testdb.voie (id, cotation_bloc, cotation_falaise, is_equipe, secteur_id, site_id) VALUES (119, '_7Cplus', NULL, false, 54, NULL);
INSERT INTO testdb.voie (id, cotation_bloc, cotation_falaise, is_equipe, secteur_id, site_id) VALUES (120, '_7Cplus', NULL, false, 14, NULL);
INSERT INTO testdb.voie (id, cotation_bloc, cotation_falaise, is_equipe, secteur_id, site_id) VALUES (121, '_7Cplus', NULL, false, 57, NULL);
INSERT INTO testdb.voie (id, cotation_bloc, cotation_falaise, is_equipe, secteur_id, site_id) VALUES (122, '_7Cplus', NULL, false, 44, NULL);
INSERT INTO testdb.voie (id, cotation_bloc, cotation_falaise, is_equipe, secteur_id, site_id) VALUES (123, '_7Cplus', NULL, false, 19, NULL);
INSERT INTO testdb.voie (id, cotation_bloc, cotation_falaise, is_equipe, secteur_id, site_id) VALUES (124, '_8A', NULL, false, 3, NULL);
INSERT INTO testdb.voie (id, cotation_bloc, cotation_falaise, is_equipe, secteur_id, site_id) VALUES (125, '_8A', NULL, false, 5, NULL);
INSERT INTO testdb.voie (id, cotation_bloc, cotation_falaise, is_equipe, secteur_id, site_id) VALUES (126, '_8A', NULL, false, 7, NULL);
INSERT INTO testdb.voie (id, cotation_bloc, cotation_falaise, is_equipe, secteur_id, site_id) VALUES (127, '_8A', NULL, false, 10, NULL);
INSERT INTO testdb.voie (id, cotation_bloc, cotation_falaise, is_equipe, secteur_id, site_id) VALUES (128, '_8A', NULL, false, 54, NULL);
INSERT INTO testdb.voie (id, cotation_bloc, cotation_falaise, is_equipe, secteur_id, site_id) VALUES (129, '_8A', NULL, true, 14, NULL);
INSERT INTO testdb.voie (id, cotation_bloc, cotation_falaise, is_equipe, secteur_id, site_id) VALUES (130, '_8A', NULL, true, 57, NULL);
INSERT INTO testdb.voie (id, cotation_bloc, cotation_falaise, is_equipe, secteur_id, site_id) VALUES (131, '_8A', NULL, true, 16, NULL);
INSERT INTO testdb.voie (id, cotation_bloc, cotation_falaise, is_equipe, secteur_id, site_id) VALUES (132, '_8Aplus', NULL, true, 3, NULL);
INSERT INTO testdb.voie (id, cotation_bloc, cotation_falaise, is_equipe, secteur_id, site_id) VALUES (133, '_8Aplus', NULL, true, 5, NULL);
INSERT INTO testdb.voie (id, cotation_bloc, cotation_falaise, is_equipe, secteur_id, site_id) VALUES (134, '_8Aplus', NULL, true, 7, NULL);
INSERT INTO testdb.voie (id, cotation_bloc, cotation_falaise, is_equipe, secteur_id, site_id) VALUES (135, '_8Aplus', NULL, true, 10, NULL);
INSERT INTO testdb.voie (id, cotation_bloc, cotation_falaise, is_equipe, secteur_id, site_id) VALUES (136, '_8Aplus', NULL, false, 54, NULL);
INSERT INTO testdb.voie (id, cotation_bloc, cotation_falaise, is_equipe, secteur_id, site_id) VALUES (137, '_8Aplus', NULL, false, 14, NULL);
INSERT INTO testdb.voie (id, cotation_bloc, cotation_falaise, is_equipe, secteur_id, site_id) VALUES (138, '_8Aplus', NULL, false, 57, NULL);
INSERT INTO testdb.voie (id, cotation_bloc, cotation_falaise, is_equipe, secteur_id, site_id) VALUES (139, '_8Aplus', NULL, false, 16, NULL);
INSERT INTO testdb.voie (id, cotation_bloc, cotation_falaise, is_equipe, secteur_id, site_id) VALUES (140, '_8Aplus', NULL, false, 19, NULL);
INSERT INTO testdb.voie (id, cotation_bloc, cotation_falaise, is_equipe, secteur_id, site_id) VALUES (141, '_8B', NULL, false, 3, NULL);
INSERT INTO testdb.voie (id, cotation_bloc, cotation_falaise, is_equipe, secteur_id, site_id) VALUES (142, '_8B', NULL, false, 5, NULL);
INSERT INTO testdb.voie (id, cotation_bloc, cotation_falaise, is_equipe, secteur_id, site_id) VALUES (143, '_8B', NULL, false, 7, NULL);
INSERT INTO testdb.voie (id, cotation_bloc, cotation_falaise, is_equipe, secteur_id, site_id) VALUES (144, '_8B', NULL, false, 10, NULL);
INSERT INTO testdb.voie (id, cotation_bloc, cotation_falaise, is_equipe, secteur_id, site_id) VALUES (145, '_8B', NULL, false, 54, NULL);
INSERT INTO testdb.voie (id, cotation_bloc, cotation_falaise, is_equipe, secteur_id, site_id) VALUES (146, '_8B', NULL, true, 14, NULL);
INSERT INTO testdb.voie (id, cotation_bloc, cotation_falaise, is_equipe, secteur_id, site_id) VALUES (147, '_8B', NULL, true, 16, NULL);
INSERT INTO testdb.voie (id, cotation_bloc, cotation_falaise, is_equipe, secteur_id, site_id) VALUES (148, '_8B', NULL, true, 19, NULL);
INSERT INTO testdb.voie (id, cotation_bloc, cotation_falaise, is_equipe, secteur_id, site_id) VALUES (149, '_8Bplus', NULL, true, 3, NULL);
INSERT INTO testdb.voie (id, cotation_bloc, cotation_falaise, is_equipe, secteur_id, site_id) VALUES (150, '_8Bplus', NULL, true, 51, NULL);
INSERT INTO testdb.voie (id, cotation_bloc, cotation_falaise, is_equipe, secteur_id, site_id) VALUES (151, '_8Bplus', NULL, true, 11, NULL);
INSERT INTO testdb.voie (id, cotation_bloc, cotation_falaise, is_equipe, secteur_id, site_id) VALUES (152, '_8Bplus', NULL, false, 54, NULL);
INSERT INTO testdb.voie (id, cotation_bloc, cotation_falaise, is_equipe, secteur_id, site_id) VALUES (153, '_8Bplus', NULL, false, 14, NULL);
INSERT INTO testdb.voie (id, cotation_bloc, cotation_falaise, is_equipe, secteur_id, site_id) VALUES (154, '_8Bplus', NULL, false, 57, NULL);
INSERT INTO testdb.voie (id, cotation_bloc, cotation_falaise, is_equipe, secteur_id, site_id) VALUES (155, '_8Bplus', NULL, false, 38, NULL);
INSERT INTO testdb.voie (id, cotation_bloc, cotation_falaise, is_equipe, secteur_id, site_id) VALUES (156, '_8Bplus', NULL, false, 19, NULL);
INSERT INTO testdb.voie (id, cotation_bloc, cotation_falaise, is_equipe, secteur_id, site_id) VALUES (157, '_8C', NULL, false, 3, NULL);
INSERT INTO testdb.voie (id, cotation_bloc, cotation_falaise, is_equipe, secteur_id, site_id) VALUES (158, '_8C', NULL, false, 7, NULL);
INSERT INTO testdb.voie (id, cotation_bloc, cotation_falaise, is_equipe, secteur_id, site_id) VALUES (159, '_8C', NULL, false, 54, NULL);
INSERT INTO testdb.voie (id, cotation_bloc, cotation_falaise, is_equipe, secteur_id, site_id) VALUES (160, '_8C', NULL, true, 14, NULL);
INSERT INTO testdb.voie (id, cotation_bloc, cotation_falaise, is_equipe, secteur_id, site_id) VALUES (161, '_8C', NULL, true, 15, NULL);
INSERT INTO testdb.voie (id, cotation_bloc, cotation_falaise, is_equipe, secteur_id, site_id) VALUES (162, '_8C', NULL, true, 38, NULL);
INSERT INTO testdb.voie (id, cotation_bloc, cotation_falaise, is_equipe, secteur_id, site_id) VALUES (163, '_8C', NULL, true, 19, NULL);
INSERT INTO testdb.voie (id, cotation_bloc, cotation_falaise, is_equipe, secteur_id, site_id) VALUES (164, '_8Clus', NULL, true, 3, NULL);
INSERT INTO testdb.voie (id, cotation_bloc, cotation_falaise, is_equipe, secteur_id, site_id) VALUES (165, '_8Clus', NULL, true, 51, NULL);
INSERT INTO testdb.voie (id, cotation_bloc, cotation_falaise, is_equipe, secteur_id, site_id) VALUES (166, '_8Clus', NULL, true, 8, NULL);
INSERT INTO testdb.voie (id, cotation_bloc, cotation_falaise, is_equipe, secteur_id, site_id) VALUES (167, '_8Clus', NULL, true, 11, NULL);
INSERT INTO testdb.voie (id, cotation_bloc, cotation_falaise, is_equipe, secteur_id, site_id) VALUES (168, '_8Clus', NULL, false, 55, NULL);
INSERT INTO testdb.voie (id, cotation_bloc, cotation_falaise, is_equipe, secteur_id, site_id) VALUES (169, '_8Clus', NULL, false, 14, NULL);
INSERT INTO testdb.voie (id, cotation_bloc, cotation_falaise, is_equipe, secteur_id, site_id) VALUES (170, NULL, '_3', true, 20, NULL);
INSERT INTO testdb.voie (id, cotation_bloc, cotation_falaise, is_equipe, secteur_id, site_id) VALUES (171, NULL, '_3', true, 25, NULL);
INSERT INTO testdb.voie (id, cotation_bloc, cotation_falaise, is_equipe, secteur_id, site_id) VALUES (172, NULL, '_3', false, 28, NULL);
INSERT INTO testdb.voie (id, cotation_bloc, cotation_falaise, is_equipe, secteur_id, site_id) VALUES (173, NULL, '_3', false, 31, NULL);
INSERT INTO testdb.voie (id, cotation_bloc, cotation_falaise, is_equipe, secteur_id, site_id) VALUES (174, NULL, '_3', false, 34, NULL);
INSERT INTO testdb.voie (id, cotation_bloc, cotation_falaise, is_equipe, secteur_id, site_id) VALUES (175, NULL, '_3', false, 39, NULL);
INSERT INTO testdb.voie (id, cotation_bloc, cotation_falaise, is_equipe, secteur_id, site_id) VALUES (176, NULL, '_3', false, NULL, 10);
INSERT INTO testdb.voie (id, cotation_bloc, cotation_falaise, is_equipe, secteur_id, site_id) VALUES (177, NULL, '_3Plus', false, 20, NULL);
INSERT INTO testdb.voie (id, cotation_bloc, cotation_falaise, is_equipe, secteur_id, site_id) VALUES (178, NULL, '_3Plus', false, 58, NULL);
INSERT INTO testdb.voie (id, cotation_bloc, cotation_falaise, is_equipe, secteur_id, site_id) VALUES (179, NULL, '_3Plus', false, 25, NULL);
INSERT INTO testdb.voie (id, cotation_bloc, cotation_falaise, is_equipe, secteur_id, site_id) VALUES (180, NULL, '_3Plus', false, 59, NULL);
INSERT INTO testdb.voie (id, cotation_bloc, cotation_falaise, is_equipe, secteur_id, site_id) VALUES (181, NULL, '_3Plus', false, 28, NULL);
INSERT INTO testdb.voie (id, cotation_bloc, cotation_falaise, is_equipe, secteur_id, site_id) VALUES (182, NULL, '_3Plus', true, 31, NULL);
INSERT INTO testdb.voie (id, cotation_bloc, cotation_falaise, is_equipe, secteur_id, site_id) VALUES (183, NULL, '_3Plus', true, 35, NULL);
INSERT INTO testdb.voie (id, cotation_bloc, cotation_falaise, is_equipe, secteur_id, site_id) VALUES (184, NULL, '_3Plus', true, 39, NULL);
INSERT INTO testdb.voie (id, cotation_bloc, cotation_falaise, is_equipe, secteur_id, site_id) VALUES (185, NULL, '_3Plus', true, NULL, 10);
INSERT INTO testdb.voie (id, cotation_bloc, cotation_falaise, is_equipe, secteur_id, site_id) VALUES (186, NULL, '_4a', true, 58, NULL);
INSERT INTO testdb.voie (id, cotation_bloc, cotation_falaise, is_equipe, secteur_id, site_id) VALUES (187, NULL, '_4a', true, 59, NULL);
INSERT INTO testdb.voie (id, cotation_bloc, cotation_falaise, is_equipe, secteur_id, site_id) VALUES (188, NULL, '_4a', false, 28, NULL);
INSERT INTO testdb.voie (id, cotation_bloc, cotation_falaise, is_equipe, secteur_id, site_id) VALUES (189, NULL, '_4a', false, 31, NULL);
INSERT INTO testdb.voie (id, cotation_bloc, cotation_falaise, is_equipe, secteur_id, site_id) VALUES (190, NULL, '_4a', false, 35, NULL);
INSERT INTO testdb.voie (id, cotation_bloc, cotation_falaise, is_equipe, secteur_id, site_id) VALUES (191, NULL, '_4a', false, 39, NULL);
INSERT INTO testdb.voie (id, cotation_bloc, cotation_falaise, is_equipe, secteur_id, site_id) VALUES (192, NULL, '_4a', false, NULL, 10);
INSERT INTO testdb.voie (id, cotation_bloc, cotation_falaise, is_equipe, secteur_id, site_id) VALUES (193, NULL, '_4b', false, 20, NULL);
INSERT INTO testdb.voie (id, cotation_bloc, cotation_falaise, is_equipe, secteur_id, site_id) VALUES (194, NULL, '_4b', false, 58, NULL);
INSERT INTO testdb.voie (id, cotation_bloc, cotation_falaise, is_equipe, secteur_id, site_id) VALUES (195, NULL, '_4b', false, 25, NULL);
INSERT INTO testdb.voie (id, cotation_bloc, cotation_falaise, is_equipe, secteur_id, site_id) VALUES (196, NULL, '_4b', false, 59, NULL);
INSERT INTO testdb.voie (id, cotation_bloc, cotation_falaise, is_equipe, secteur_id, site_id) VALUES (197, NULL, '_4b', false, 28, NULL);
INSERT INTO testdb.voie (id, cotation_bloc, cotation_falaise, is_equipe, secteur_id, site_id) VALUES (198, NULL, '_4b', true, 31, NULL);
INSERT INTO testdb.voie (id, cotation_bloc, cotation_falaise, is_equipe, secteur_id, site_id) VALUES (199, NULL, '_4b', true, 35, NULL);
INSERT INTO testdb.voie (id, cotation_bloc, cotation_falaise, is_equipe, secteur_id, site_id) VALUES (200, NULL, '_4c', true, 20, NULL);
INSERT INTO testdb.voie (id, cotation_bloc, cotation_falaise, is_equipe, secteur_id, site_id) VALUES (201, NULL, '_4c', true, 58, NULL);
INSERT INTO testdb.voie (id, cotation_bloc, cotation_falaise, is_equipe, secteur_id, site_id) VALUES (202, NULL, '_4c', true, 25, NULL);
INSERT INTO testdb.voie (id, cotation_bloc, cotation_falaise, is_equipe, secteur_id, site_id) VALUES (203, NULL, '_4c', true, 59, NULL);
INSERT INTO testdb.voie (id, cotation_bloc, cotation_falaise, is_equipe, secteur_id, site_id) VALUES (204, NULL, '_4c', false, 28, NULL);
INSERT INTO testdb.voie (id, cotation_bloc, cotation_falaise, is_equipe, secteur_id, site_id) VALUES (205, NULL, '_4c', false, 31, NULL);
INSERT INTO testdb.voie (id, cotation_bloc, cotation_falaise, is_equipe, secteur_id, site_id) VALUES (206, NULL, '_4c', false, 35, NULL);
INSERT INTO testdb.voie (id, cotation_bloc, cotation_falaise, is_equipe, secteur_id, site_id) VALUES (207, NULL, '_4c', false, 40, NULL);
INSERT INTO testdb.voie (id, cotation_bloc, cotation_falaise, is_equipe, secteur_id, site_id) VALUES (208, NULL, '_4c', false, NULL, NULL);
INSERT INTO testdb.voie (id, cotation_bloc, cotation_falaise, is_equipe, secteur_id, site_id) VALUES (209, NULL, '_5a', false, 20, NULL);
INSERT INTO testdb.voie (id, cotation_bloc, cotation_falaise, is_equipe, secteur_id, site_id) VALUES (210, NULL, '_5a', false, 58, NULL);
INSERT INTO testdb.voie (id, cotation_bloc, cotation_falaise, is_equipe, secteur_id, site_id) VALUES (211, NULL, '_5a', false, 25, NULL);
INSERT INTO testdb.voie (id, cotation_bloc, cotation_falaise, is_equipe, secteur_id, site_id) VALUES (212, NULL, '_5a', false, 59, NULL);
INSERT INTO testdb.voie (id, cotation_bloc, cotation_falaise, is_equipe, secteur_id, site_id) VALUES (213, NULL, '_5a', false, 28, NULL);
INSERT INTO testdb.voie (id, cotation_bloc, cotation_falaise, is_equipe, secteur_id, site_id) VALUES (214, NULL, '_5a', true, 31, NULL);
INSERT INTO testdb.voie (id, cotation_bloc, cotation_falaise, is_equipe, secteur_id, site_id) VALUES (215, NULL, '_5a', true, 36, NULL);
INSERT INTO testdb.voie (id, cotation_bloc, cotation_falaise, is_equipe, secteur_id, site_id) VALUES (216, NULL, '_5a', true, 40, NULL);
INSERT INTO testdb.voie (id, cotation_bloc, cotation_falaise, is_equipe, secteur_id, site_id) VALUES (217, NULL, '_5a', true, NULL, 10);
INSERT INTO testdb.voie (id, cotation_bloc, cotation_falaise, is_equipe, secteur_id, site_id) VALUES (218, NULL, '_5b', true, 20, NULL);
INSERT INTO testdb.voie (id, cotation_bloc, cotation_falaise, is_equipe, secteur_id, site_id) VALUES (219, NULL, '_5b', true, 58, NULL);
INSERT INTO testdb.voie (id, cotation_bloc, cotation_falaise, is_equipe, secteur_id, site_id) VALUES (220, NULL, '_5b', true, 25, NULL);
INSERT INTO testdb.voie (id, cotation_bloc, cotation_falaise, is_equipe, secteur_id, site_id) VALUES (221, NULL, '_5b', true, 59, NULL);
INSERT INTO testdb.voie (id, cotation_bloc, cotation_falaise, is_equipe, secteur_id, site_id) VALUES (222, NULL, '_5b', false, 28, NULL);
INSERT INTO testdb.voie (id, cotation_bloc, cotation_falaise, is_equipe, secteur_id, site_id) VALUES (223, NULL, '_5b', false, 31, NULL);
INSERT INTO testdb.voie (id, cotation_bloc, cotation_falaise, is_equipe, secteur_id, site_id) VALUES (224, NULL, '_5b', false, 36, NULL);
INSERT INTO testdb.voie (id, cotation_bloc, cotation_falaise, is_equipe, secteur_id, site_id) VALUES (225, NULL, '_5b', false, 48, NULL);
INSERT INTO testdb.voie (id, cotation_bloc, cotation_falaise, is_equipe, secteur_id, site_id) VALUES (226, NULL, '_5b', false, NULL, 15);
INSERT INTO testdb.voie (id, cotation_bloc, cotation_falaise, is_equipe, secteur_id, site_id) VALUES (227, NULL, '_5c', false, 25, NULL);
INSERT INTO testdb.voie (id, cotation_bloc, cotation_falaise, is_equipe, secteur_id, site_id) VALUES (228, NULL, '_5c', false, 59, NULL);
INSERT INTO testdb.voie (id, cotation_bloc, cotation_falaise, is_equipe, secteur_id, site_id) VALUES (229, NULL, '_5c', true, 31, NULL);
INSERT INTO testdb.voie (id, cotation_bloc, cotation_falaise, is_equipe, secteur_id, site_id) VALUES (230, NULL, '_5c', true, 36, NULL);
INSERT INTO testdb.voie (id, cotation_bloc, cotation_falaise, is_equipe, secteur_id, site_id) VALUES (231, NULL, '_5c', true, 48, NULL);
INSERT INTO testdb.voie (id, cotation_bloc, cotation_falaise, is_equipe, secteur_id, site_id) VALUES (232, NULL, '_5c', true, NULL, 15);
INSERT INTO testdb.voie (id, cotation_bloc, cotation_falaise, is_equipe, secteur_id, site_id) VALUES (233, NULL, '_6a', true, 20, NULL);
INSERT INTO testdb.voie (id, cotation_bloc, cotation_falaise, is_equipe, secteur_id, site_id) VALUES (234, NULL, '_6a', true, 23, NULL);
INSERT INTO testdb.voie (id, cotation_bloc, cotation_falaise, is_equipe, secteur_id, site_id) VALUES (235, NULL, '_6a', true, 45, NULL);
INSERT INTO testdb.voie (id, cotation_bloc, cotation_falaise, is_equipe, secteur_id, site_id) VALUES (236, NULL, '_6a', true, 59, NULL);
INSERT INTO testdb.voie (id, cotation_bloc, cotation_falaise, is_equipe, secteur_id, site_id) VALUES (237, NULL, '_6a', false, 28, NULL);
INSERT INTO testdb.voie (id, cotation_bloc, cotation_falaise, is_equipe, secteur_id, site_id) VALUES (238, NULL, '_6a', false, 32, NULL);
INSERT INTO testdb.voie (id, cotation_bloc, cotation_falaise, is_equipe, secteur_id, site_id) VALUES (239, NULL, '_6a', false, 36, NULL);
INSERT INTO testdb.voie (id, cotation_bloc, cotation_falaise, is_equipe, secteur_id, site_id) VALUES (240, NULL, '_6a', false, 41, NULL);
INSERT INTO testdb.voie (id, cotation_bloc, cotation_falaise, is_equipe, secteur_id, site_id) VALUES (241, NULL, '_6aPlus', false, 21, NULL);
INSERT INTO testdb.voie (id, cotation_bloc, cotation_falaise, is_equipe, secteur_id, site_id) VALUES (242, NULL, '_6aPlus', false, 45, NULL);
INSERT INTO testdb.voie (id, cotation_bloc, cotation_falaise, is_equipe, secteur_id, site_id) VALUES (243, NULL, '_6aPlus', false, 28, NULL);
INSERT INTO testdb.voie (id, cotation_bloc, cotation_falaise, is_equipe, secteur_id, site_id) VALUES (244, NULL, '_6aPlus', true, 32, NULL);
INSERT INTO testdb.voie (id, cotation_bloc, cotation_falaise, is_equipe, secteur_id, site_id) VALUES (245, NULL, '_6aPlus', true, 37, NULL);
INSERT INTO testdb.voie (id, cotation_bloc, cotation_falaise, is_equipe, secteur_id, site_id) VALUES (246, NULL, '_6aPlus', true, 41, NULL);
INSERT INTO testdb.voie (id, cotation_bloc, cotation_falaise, is_equipe, secteur_id, site_id) VALUES (247, NULL, '_6aPlus', true, NULL, 15);
INSERT INTO testdb.voie (id, cotation_bloc, cotation_falaise, is_equipe, secteur_id, site_id) VALUES (248, NULL, '_6b', true, 21, NULL);
INSERT INTO testdb.voie (id, cotation_bloc, cotation_falaise, is_equipe, secteur_id, site_id) VALUES (249, NULL, '_6b', true, 23, NULL);
INSERT INTO testdb.voie (id, cotation_bloc, cotation_falaise, is_equipe, secteur_id, site_id) VALUES (250, NULL, '_6b', true, 45, NULL);
INSERT INTO testdb.voie (id, cotation_bloc, cotation_falaise, is_equipe, secteur_id, site_id) VALUES (251, NULL, '_6b', true, 59, NULL);
INSERT INTO testdb.voie (id, cotation_bloc, cotation_falaise, is_equipe, secteur_id, site_id) VALUES (252, NULL, '_6b', false, 29, NULL);
INSERT INTO testdb.voie (id, cotation_bloc, cotation_falaise, is_equipe, secteur_id, site_id) VALUES (253, NULL, '_6b', false, 32, NULL);
INSERT INTO testdb.voie (id, cotation_bloc, cotation_falaise, is_equipe, secteur_id, site_id) VALUES (254, NULL, '_6b', false, 41, NULL);
INSERT INTO testdb.voie (id, cotation_bloc, cotation_falaise, is_equipe, secteur_id, site_id) VALUES (255, NULL, '_6b', false, NULL, 15);
INSERT INTO testdb.voie (id, cotation_bloc, cotation_falaise, is_equipe, secteur_id, site_id) VALUES (256, NULL, '_6bPlus', false, 23, NULL);
INSERT INTO testdb.voie (id, cotation_bloc, cotation_falaise, is_equipe, secteur_id, site_id) VALUES (257, NULL, '_6bPlus', false, 45, NULL);
INSERT INTO testdb.voie (id, cotation_bloc, cotation_falaise, is_equipe, secteur_id, site_id) VALUES (258, NULL, '_6bPlus', false, 26, NULL);
INSERT INTO testdb.voie (id, cotation_bloc, cotation_falaise, is_equipe, secteur_id, site_id) VALUES (259, NULL, '_6bPlus', true, 32, NULL);
INSERT INTO testdb.voie (id, cotation_bloc, cotation_falaise, is_equipe, secteur_id, site_id) VALUES (260, NULL, '_6bPlus', true, 37, NULL);
INSERT INTO testdb.voie (id, cotation_bloc, cotation_falaise, is_equipe, secteur_id, site_id) VALUES (261, NULL, '_6bPlus', true, 42, NULL);
INSERT INTO testdb.voie (id, cotation_bloc, cotation_falaise, is_equipe, secteur_id, site_id) VALUES (262, NULL, '_6bPlus', true, NULL, 15);
INSERT INTO testdb.voie (id, cotation_bloc, cotation_falaise, is_equipe, secteur_id, site_id) VALUES (263, NULL, '_6c', true, 21, NULL);
INSERT INTO testdb.voie (id, cotation_bloc, cotation_falaise, is_equipe, secteur_id, site_id) VALUES (264, NULL, '_6c', true, 23, NULL);
INSERT INTO testdb.voie (id, cotation_bloc, cotation_falaise, is_equipe, secteur_id, site_id) VALUES (265, NULL, '_6c', true, 45, NULL);
INSERT INTO testdb.voie (id, cotation_bloc, cotation_falaise, is_equipe, secteur_id, site_id) VALUES (266, NULL, '_6c', true, 26, NULL);
INSERT INTO testdb.voie (id, cotation_bloc, cotation_falaise, is_equipe, secteur_id, site_id) VALUES (267, NULL, '_6c', false, 29, NULL);
INSERT INTO testdb.voie (id, cotation_bloc, cotation_falaise, is_equipe, secteur_id, site_id) VALUES (268, NULL, '_6c', false, 32, NULL);
INSERT INTO testdb.voie (id, cotation_bloc, cotation_falaise, is_equipe, secteur_id, site_id) VALUES (269, NULL, '_6c', false, 37, NULL);
INSERT INTO testdb.voie (id, cotation_bloc, cotation_falaise, is_equipe, secteur_id, site_id) VALUES (270, NULL, '_6c', false, 42, NULL);
INSERT INTO testdb.voie (id, cotation_bloc, cotation_falaise, is_equipe, secteur_id, site_id) VALUES (271, NULL, '_6c', false, NULL, 15);
INSERT INTO testdb.voie (id, cotation_bloc, cotation_falaise, is_equipe, secteur_id, site_id) VALUES (272, NULL, '_6cPlus', false, 21, NULL);
INSERT INTO testdb.voie (id, cotation_bloc, cotation_falaise, is_equipe, secteur_id, site_id) VALUES (273, NULL, '_6cPlus', false, 23, NULL);
INSERT INTO testdb.voie (id, cotation_bloc, cotation_falaise, is_equipe, secteur_id, site_id) VALUES (274, NULL, '_6cPlus', false, 45, NULL);
INSERT INTO testdb.voie (id, cotation_bloc, cotation_falaise, is_equipe, secteur_id, site_id) VALUES (275, NULL, '_6cPlus', false, 26, NULL);
INSERT INTO testdb.voie (id, cotation_bloc, cotation_falaise, is_equipe, secteur_id, site_id) VALUES (276, NULL, '_6cPlus', false, 29, NULL);
INSERT INTO testdb.voie (id, cotation_bloc, cotation_falaise, is_equipe, secteur_id, site_id) VALUES (277, NULL, '_6cPlus', true, 32, NULL);
INSERT INTO testdb.voie (id, cotation_bloc, cotation_falaise, is_equipe, secteur_id, site_id) VALUES (278, NULL, '_6cPlus', true, 37, NULL);
INSERT INTO testdb.voie (id, cotation_bloc, cotation_falaise, is_equipe, secteur_id, site_id) VALUES (279, NULL, '_6cPlus', true, 42, NULL);
INSERT INTO testdb.voie (id, cotation_bloc, cotation_falaise, is_equipe, secteur_id, site_id) VALUES (280, NULL, '_6cPlus', true, NULL, 15);
INSERT INTO testdb.voie (id, cotation_bloc, cotation_falaise, is_equipe, secteur_id, site_id) VALUES (281, NULL, '_7a', true, 21, NULL);
INSERT INTO testdb.voie (id, cotation_bloc, cotation_falaise, is_equipe, secteur_id, site_id) VALUES (282, NULL, '_7a', true, 23, NULL);
INSERT INTO testdb.voie (id, cotation_bloc, cotation_falaise, is_equipe, secteur_id, site_id) VALUES (283, NULL, '_7a', true, 45, NULL);
INSERT INTO testdb.voie (id, cotation_bloc, cotation_falaise, is_equipe, secteur_id, site_id) VALUES (284, NULL, '_7a', true, 26, NULL);
INSERT INTO testdb.voie (id, cotation_bloc, cotation_falaise, is_equipe, secteur_id, site_id) VALUES (285, NULL, '_7a', false, 29, NULL);
INSERT INTO testdb.voie (id, cotation_bloc, cotation_falaise, is_equipe, secteur_id, site_id) VALUES (286, NULL, '_7a', false, 32, NULL);
INSERT INTO testdb.voie (id, cotation_bloc, cotation_falaise, is_equipe, secteur_id, site_id) VALUES (287, NULL, '_7aPlus', false, 21, NULL);
INSERT INTO testdb.voie (id, cotation_bloc, cotation_falaise, is_equipe, secteur_id, site_id) VALUES (288, NULL, '_7aPlus', false, 46, NULL);
INSERT INTO testdb.voie (id, cotation_bloc, cotation_falaise, is_equipe, secteur_id, site_id) VALUES (289, NULL, '_7aPlus', false, 29, NULL);
INSERT INTO testdb.voie (id, cotation_bloc, cotation_falaise, is_equipe, secteur_id, site_id) VALUES (290, NULL, '_7aPlus', true, 33, NULL);
INSERT INTO testdb.voie (id, cotation_bloc, cotation_falaise, is_equipe, secteur_id, site_id) VALUES (291, NULL, '_7aPlus', true, 37, NULL);
INSERT INTO testdb.voie (id, cotation_bloc, cotation_falaise, is_equipe, secteur_id, site_id) VALUES (292, NULL, '_7aPlus', true, 47, NULL);
INSERT INTO testdb.voie (id, cotation_bloc, cotation_falaise, is_equipe, secteur_id, site_id) VALUES (293, NULL, '_7aPlus', true, NULL, 15);
INSERT INTO testdb.voie (id, cotation_bloc, cotation_falaise, is_equipe, secteur_id, site_id) VALUES (294, NULL, '_7b', true, 21, NULL);
INSERT INTO testdb.voie (id, cotation_bloc, cotation_falaise, is_equipe, secteur_id, site_id) VALUES (295, NULL, '_7b', true, 24, NULL);
INSERT INTO testdb.voie (id, cotation_bloc, cotation_falaise, is_equipe, secteur_id, site_id) VALUES (296, NULL, '_7b', true, 46, NULL);
INSERT INTO testdb.voie (id, cotation_bloc, cotation_falaise, is_equipe, secteur_id, site_id) VALUES (297, NULL, '_7b', true, 27, NULL);
INSERT INTO testdb.voie (id, cotation_bloc, cotation_falaise, is_equipe, secteur_id, site_id) VALUES (298, NULL, '_7b', false, 29, NULL);
INSERT INTO testdb.voie (id, cotation_bloc, cotation_falaise, is_equipe, secteur_id, site_id) VALUES (299, NULL, '_7b', false, 33, NULL);
INSERT INTO testdb.voie (id, cotation_bloc, cotation_falaise, is_equipe, secteur_id, site_id) VALUES (300, NULL, '_7b', false, 49, NULL);
INSERT INTO testdb.voie (id, cotation_bloc, cotation_falaise, is_equipe, secteur_id, site_id) VALUES (301, NULL, '_7b', false, 47, NULL);
INSERT INTO testdb.voie (id, cotation_bloc, cotation_falaise, is_equipe, secteur_id, site_id) VALUES (302, NULL, '_7bPlus', false, 21, NULL);
INSERT INTO testdb.voie (id, cotation_bloc, cotation_falaise, is_equipe, secteur_id, site_id) VALUES (303, NULL, '_7bPlus', false, 24, NULL);
INSERT INTO testdb.voie (id, cotation_bloc, cotation_falaise, is_equipe, secteur_id, site_id) VALUES (304, NULL, '_7bPlus', false, 46, NULL);
INSERT INTO testdb.voie (id, cotation_bloc, cotation_falaise, is_equipe, secteur_id, site_id) VALUES (305, NULL, '_7bPlus', false, 27, NULL);
INSERT INTO testdb.voie (id, cotation_bloc, cotation_falaise, is_equipe, secteur_id, site_id) VALUES (306, NULL, '_7bPlus', false, 29, NULL);
INSERT INTO testdb.voie (id, cotation_bloc, cotation_falaise, is_equipe, secteur_id, site_id) VALUES (307, NULL, '_7bPlus', true, 33, NULL);
INSERT INTO testdb.voie (id, cotation_bloc, cotation_falaise, is_equipe, secteur_id, site_id) VALUES (308, NULL, '_7bPlus', true, 49, NULL);
INSERT INTO testdb.voie (id, cotation_bloc, cotation_falaise, is_equipe, secteur_id, site_id) VALUES (309, NULL, '_7bPlus', true, 47, NULL);
INSERT INTO testdb.voie (id, cotation_bloc, cotation_falaise, is_equipe, secteur_id, site_id) VALUES (310, NULL, '_7bPlus', true, NULL, 19);
INSERT INTO testdb.voie (id, cotation_bloc, cotation_falaise, is_equipe, secteur_id, site_id) VALUES (311, NULL, '_7c', true, 22, NULL);
INSERT INTO testdb.voie (id, cotation_bloc, cotation_falaise, is_equipe, secteur_id, site_id) VALUES (312, NULL, '_7c', true, 24, NULL);
INSERT INTO testdb.voie (id, cotation_bloc, cotation_falaise, is_equipe, secteur_id, site_id) VALUES (313, NULL, '_7c', true, 46, NULL);
INSERT INTO testdb.voie (id, cotation_bloc, cotation_falaise, is_equipe, secteur_id, site_id) VALUES (314, NULL, '_7c', true, 27, NULL);
INSERT INTO testdb.voie (id, cotation_bloc, cotation_falaise, is_equipe, secteur_id, site_id) VALUES (315, NULL, '_7c', false, 29, NULL);
INSERT INTO testdb.voie (id, cotation_bloc, cotation_falaise, is_equipe, secteur_id, site_id) VALUES (316, NULL, '_7c', false, 33, NULL);
INSERT INTO testdb.voie (id, cotation_bloc, cotation_falaise, is_equipe, secteur_id, site_id) VALUES (317, NULL, '_7c', false, 49, NULL);
INSERT INTO testdb.voie (id, cotation_bloc, cotation_falaise, is_equipe, secteur_id, site_id) VALUES (318, NULL, '_7c', false, NULL, 10);
INSERT INTO testdb.voie (id, cotation_bloc, cotation_falaise, is_equipe, secteur_id, site_id) VALUES (319, NULL, '_7c', false, NULL, 19);
INSERT INTO testdb.voie (id, cotation_bloc, cotation_falaise, is_equipe, secteur_id, site_id) VALUES (320, NULL, '_7cPlus', false, 24, NULL);
INSERT INTO testdb.voie (id, cotation_bloc, cotation_falaise, is_equipe, secteur_id, site_id) VALUES (321, NULL, '_7cPlus', false, 27, NULL);
INSERT INTO testdb.voie (id, cotation_bloc, cotation_falaise, is_equipe, secteur_id, site_id) VALUES (322, NULL, '_7cPlus', false, 29, NULL);
INSERT INTO testdb.voie (id, cotation_bloc, cotation_falaise, is_equipe, secteur_id, site_id) VALUES (323, NULL, '_7cPlus', true, 33, NULL);
INSERT INTO testdb.voie (id, cotation_bloc, cotation_falaise, is_equipe, secteur_id, site_id) VALUES (324, NULL, '_7cPlus', true, 49, NULL);
INSERT INTO testdb.voie (id, cotation_bloc, cotation_falaise, is_equipe, secteur_id, site_id) VALUES (325, NULL, '_7cPlus', true, NULL, 10);
INSERT INTO testdb.voie (id, cotation_bloc, cotation_falaise, is_equipe, secteur_id, site_id) VALUES (326, NULL, '_7cPlus', true, NULL, 19);
INSERT INTO testdb.voie (id, cotation_bloc, cotation_falaise, is_equipe, secteur_id, site_id) VALUES (327, NULL, '_8a', true, 22, NULL);
INSERT INTO testdb.voie (id, cotation_bloc, cotation_falaise, is_equipe, secteur_id, site_id) VALUES (328, NULL, '_8a', true, 24, NULL);
INSERT INTO testdb.voie (id, cotation_bloc, cotation_falaise, is_equipe, secteur_id, site_id) VALUES (329, NULL, '_8a', true, 27, NULL);
INSERT INTO testdb.voie (id, cotation_bloc, cotation_falaise, is_equipe, secteur_id, site_id) VALUES (330, NULL, '_8a', false, 29, NULL);
INSERT INTO testdb.voie (id, cotation_bloc, cotation_falaise, is_equipe, secteur_id, site_id) VALUES (331, NULL, '_8a', false, 33, NULL);
INSERT INTO testdb.voie (id, cotation_bloc, cotation_falaise, is_equipe, secteur_id, site_id) VALUES (332, NULL, '_8a', false, 49, NULL);
INSERT INTO testdb.voie (id, cotation_bloc, cotation_falaise, is_equipe, secteur_id, site_id) VALUES (333, NULL, '_8a', false, NULL, 10);
INSERT INTO testdb.voie (id, cotation_bloc, cotation_falaise, is_equipe, secteur_id, site_id) VALUES (334, NULL, '_8aPlus', false, 22, NULL);
INSERT INTO testdb.voie (id, cotation_bloc, cotation_falaise, is_equipe, secteur_id, site_id) VALUES (335, NULL, '_8aPlus', false, 24, NULL);
INSERT INTO testdb.voie (id, cotation_bloc, cotation_falaise, is_equipe, secteur_id, site_id) VALUES (336, NULL, '_8aPlus', false, 46, NULL);
INSERT INTO testdb.voie (id, cotation_bloc, cotation_falaise, is_equipe, secteur_id, site_id) VALUES (337, NULL, '_8aPlus', false, 27, NULL);
INSERT INTO testdb.voie (id, cotation_bloc, cotation_falaise, is_equipe, secteur_id, site_id) VALUES (338, NULL, '_8aPlus', false, 29, NULL);
INSERT INTO testdb.voie (id, cotation_bloc, cotation_falaise, is_equipe, secteur_id, site_id) VALUES (339, NULL, '_8aPlus', true, 33, NULL);
INSERT INTO testdb.voie (id, cotation_bloc, cotation_falaise, is_equipe, secteur_id, site_id) VALUES (340, NULL, '_8aPlus', true, 50, NULL);
INSERT INTO testdb.voie (id, cotation_bloc, cotation_falaise, is_equipe, secteur_id, site_id) VALUES (341, NULL, '_8aPlus', true, NULL, 10);
INSERT INTO testdb.voie (id, cotation_bloc, cotation_falaise, is_equipe, secteur_id, site_id) VALUES (342, NULL, '_8aPlus', true, NULL, 19);
INSERT INTO testdb.voie (id, cotation_bloc, cotation_falaise, is_equipe, secteur_id, site_id) VALUES (343, NULL, '_8b', true, 22, NULL);
INSERT INTO testdb.voie (id, cotation_bloc, cotation_falaise, is_equipe, secteur_id, site_id) VALUES (344, NULL, '_8b', true, 46, NULL);
INSERT INTO testdb.voie (id, cotation_bloc, cotation_falaise, is_equipe, secteur_id, site_id) VALUES (345, NULL, '_8b', true, 27, NULL);
INSERT INTO testdb.voie (id, cotation_bloc, cotation_falaise, is_equipe, secteur_id, site_id) VALUES (346, NULL, '_8b', false, 30, NULL);
INSERT INTO testdb.voie (id, cotation_bloc, cotation_falaise, is_equipe, secteur_id, site_id) VALUES (347, NULL, '_8b', false, 33, NULL);
INSERT INTO testdb.voie (id, cotation_bloc, cotation_falaise, is_equipe, secteur_id, site_id) VALUES (348, NULL, '_8b', false, 50, NULL);
INSERT INTO testdb.voie (id, cotation_bloc, cotation_falaise, is_equipe, secteur_id, site_id) VALUES (349, NULL, '_8b', false, NULL, 10);
INSERT INTO testdb.voie (id, cotation_bloc, cotation_falaise, is_equipe, secteur_id, site_id) VALUES (350, NULL, '_8b', false, NULL, 19);
INSERT INTO testdb.voie (id, cotation_bloc, cotation_falaise, is_equipe, secteur_id, site_id) VALUES (351, NULL, '_8bPlus', false, 22, NULL);
INSERT INTO testdb.voie (id, cotation_bloc, cotation_falaise, is_equipe, secteur_id, site_id) VALUES (352, NULL, '_8bPlus', false, 53, NULL);
INSERT INTO testdb.voie (id, cotation_bloc, cotation_falaise, is_equipe, secteur_id, site_id) VALUES (353, NULL, '_8bPlus', false, 59, NULL);
INSERT INTO testdb.voie (id, cotation_bloc, cotation_falaise, is_equipe, secteur_id, site_id) VALUES (354, NULL, '_8bPlus', false, 27, NULL);
INSERT INTO testdb.voie (id, cotation_bloc, cotation_falaise, is_equipe, secteur_id, site_id) VALUES (355, NULL, '_8bPlus', false, 30, NULL);
INSERT INTO testdb.voie (id, cotation_bloc, cotation_falaise, is_equipe, secteur_id, site_id) VALUES (356, NULL, '_8bPlus', true, 33, NULL);
INSERT INTO testdb.voie (id, cotation_bloc, cotation_falaise, is_equipe, secteur_id, site_id) VALUES (357, NULL, '_8bPlus', true, 50, NULL);
INSERT INTO testdb.voie (id, cotation_bloc, cotation_falaise, is_equipe, secteur_id, site_id) VALUES (358, NULL, '_8bPlus', true, NULL, 10);
INSERT INTO testdb.voie (id, cotation_bloc, cotation_falaise, is_equipe, secteur_id, site_id) VALUES (359, NULL, '_8bPlus', true, NULL, 19);
INSERT INTO testdb.voie (id, cotation_bloc, cotation_falaise, is_equipe, secteur_id, site_id) VALUES (360, NULL, '_8c', true, 22, NULL);
INSERT INTO testdb.voie (id, cotation_bloc, cotation_falaise, is_equipe, secteur_id, site_id) VALUES (361, NULL, '_8c', true, 53, NULL);
INSERT INTO testdb.voie (id, cotation_bloc, cotation_falaise, is_equipe, secteur_id, site_id) VALUES (362, NULL, '_8c', true, 27, NULL);
INSERT INTO testdb.voie (id, cotation_bloc, cotation_falaise, is_equipe, secteur_id, site_id) VALUES (363, NULL, '_8c', false, NULL, 19);
INSERT INTO testdb.voie (id, cotation_bloc, cotation_falaise, is_equipe, secteur_id, site_id) VALUES (364, NULL, '_8c', false, 34, NULL);
INSERT INTO testdb.voie (id, cotation_bloc, cotation_falaise, is_equipe, secteur_id, site_id) VALUES (365, NULL, '_8c', false, NULL, 10);
INSERT INTO testdb.voie (id, cotation_bloc, cotation_falaise, is_equipe, secteur_id, site_id) VALUES (366, NULL, '_8cPlus', false, 22, NULL);
INSERT INTO testdb.voie (id, cotation_bloc, cotation_falaise, is_equipe, secteur_id, site_id) VALUES (367, NULL, '_8cPlus', false, 53, NULL);
INSERT INTO testdb.voie (id, cotation_bloc, cotation_falaise, is_equipe, secteur_id, site_id) VALUES (368, NULL, '_8cPlus', false, 59, NULL);
INSERT INTO testdb.voie (id, cotation_bloc, cotation_falaise, is_equipe, secteur_id, site_id) VALUES (369, NULL, '_8cPlus', false, 27, NULL);
INSERT INTO testdb.voie (id, cotation_bloc, cotation_falaise, is_equipe, secteur_id, site_id) VALUES (370, NULL, '_8cPlus', false, 30, NULL);
INSERT INTO testdb.voie (id, cotation_bloc, cotation_falaise, is_equipe, secteur_id, site_id) VALUES (371, NULL, '_8cPlus', true, 34, NULL);
INSERT INTO testdb.voie (id, cotation_bloc, cotation_falaise, is_equipe, secteur_id, site_id) VALUES (372, NULL, '_8cPlus', true, 38, NULL);
INSERT INTO testdb.voie (id, cotation_bloc, cotation_falaise, is_equipe, secteur_id, site_id) VALUES (373, NULL, '_9a', true, 22, NULL);
INSERT INTO testdb.voie (id, cotation_bloc, cotation_falaise, is_equipe, secteur_id, site_id) VALUES (374, NULL, '_9a', true, 53, NULL);
INSERT INTO testdb.voie (id, cotation_bloc, cotation_falaise, is_equipe, secteur_id, site_id) VALUES (375, NULL, '_9a', true, 59, NULL);
INSERT INTO testdb.voie (id, cotation_bloc, cotation_falaise, is_equipe, secteur_id, site_id) VALUES (376, NULL, '_9a', true, 27, NULL);
INSERT INTO testdb.voie (id, cotation_bloc, cotation_falaise, is_equipe, secteur_id, site_id) VALUES (377, NULL, '_9a', false, 30, NULL);
INSERT INTO testdb.voie (id, cotation_bloc, cotation_falaise, is_equipe, secteur_id, site_id) VALUES (378, NULL, '_9a', false, 34, NULL);
INSERT INTO testdb.voie (id, cotation_bloc, cotation_falaise, is_equipe, secteur_id, site_id) VALUES (379, NULL, '_9a', false, 38, NULL);
INSERT INTO testdb.voie (id, cotation_bloc, cotation_falaise, is_equipe, secteur_id, site_id) VALUES (380, NULL, '_9a', false, NULL, 10);
INSERT INTO testdb.voie (id, cotation_bloc, cotation_falaise, is_equipe, secteur_id, site_id) VALUES (381, NULL, '_9a', false, NULL, 19);


--
-- TOC entry 2903 (class 0 OID 405486)
-- Dependencies: 205
-- Data for Name: longueur; Type: TABLE DATA; Schema: testdb; Owner: postgres
--

INSERT INTO testdb.longueur (id, cotation_bloc, cotation_falaise, voie_id) VALUES (1, '_4', NULL, 1);
INSERT INTO testdb.longueur (id, cotation_bloc, cotation_falaise, voie_id) VALUES (2, '_4plus', NULL, 1);
INSERT INTO testdb.longueur (id, cotation_bloc, cotation_falaise, voie_id) VALUES (3, '_4', NULL, 2);
INSERT INTO testdb.longueur (id, cotation_bloc, cotation_falaise, voie_id) VALUES (4, '_4', NULL, 2);
INSERT INTO testdb.longueur (id, cotation_bloc, cotation_falaise, voie_id) VALUES (5, '_4', NULL, 3);
INSERT INTO testdb.longueur (id, cotation_bloc, cotation_falaise, voie_id) VALUES (6, '_4', NULL, 3);
INSERT INTO testdb.longueur (id, cotation_bloc, cotation_falaise, voie_id) VALUES (7, '_4', NULL, 4);
INSERT INTO testdb.longueur (id, cotation_bloc, cotation_falaise, voie_id) VALUES (8, '_4', NULL, 4);
INSERT INTO testdb.longueur (id, cotation_bloc, cotation_falaise, voie_id) VALUES (9, '_4plus', NULL, 5);
INSERT INTO testdb.longueur (id, cotation_bloc, cotation_falaise, voie_id) VALUES (10, '_4plus', NULL, 5);
INSERT INTO testdb.longueur (id, cotation_bloc, cotation_falaise, voie_id) VALUES (11, '_4plus', NULL, 6);
INSERT INTO testdb.longueur (id, cotation_bloc, cotation_falaise, voie_id) VALUES (12, '_4plus', NULL, 6);
INSERT INTO testdb.longueur (id, cotation_bloc, cotation_falaise, voie_id) VALUES (13, '_4plus', NULL, 7);
INSERT INTO testdb.longueur (id, cotation_bloc, cotation_falaise, voie_id) VALUES (14, '_4plus', NULL, 7);
INSERT INTO testdb.longueur (id, cotation_bloc, cotation_falaise, voie_id) VALUES (15, '_4', NULL, 7);
INSERT INTO testdb.longueur (id, cotation_bloc, cotation_falaise, voie_id) VALUES (16, '_4', NULL, 8);
INSERT INTO testdb.longueur (id, cotation_bloc, cotation_falaise, voie_id) VALUES (17, '_4', NULL, 9);
INSERT INTO testdb.longueur (id, cotation_bloc, cotation_falaise, voie_id) VALUES (18, '_4', NULL, 9);
INSERT INTO testdb.longueur (id, cotation_bloc, cotation_falaise, voie_id) VALUES (19, '_4', NULL, 10);
INSERT INTO testdb.longueur (id, cotation_bloc, cotation_falaise, voie_id) VALUES (20, '_4', NULL, 10);
INSERT INTO testdb.longueur (id, cotation_bloc, cotation_falaise, voie_id) VALUES (21, '_4plus', NULL, 10);
INSERT INTO testdb.longueur (id, cotation_bloc, cotation_falaise, voie_id) VALUES (22, '_4plus', NULL, 10);
INSERT INTO testdb.longueur (id, cotation_bloc, cotation_falaise, voie_id) VALUES (23, '_5', NULL, 11);
INSERT INTO testdb.longueur (id, cotation_bloc, cotation_falaise, voie_id) VALUES (24, '_4plus', NULL, 11);
INSERT INTO testdb.longueur (id, cotation_bloc, cotation_falaise, voie_id) VALUES (25, '_5', NULL, 12);
INSERT INTO testdb.longueur (id, cotation_bloc, cotation_falaise, voie_id) VALUES (26, '_4', NULL, 12);
INSERT INTO testdb.longueur (id, cotation_bloc, cotation_falaise, voie_id) VALUES (27, '_4plus', NULL, 13);
INSERT INTO testdb.longueur (id, cotation_bloc, cotation_falaise, voie_id) VALUES (28, '_4plus', NULL, 13);
INSERT INTO testdb.longueur (id, cotation_bloc, cotation_falaise, voie_id) VALUES (29, '_4', NULL, 14);
INSERT INTO testdb.longueur (id, cotation_bloc, cotation_falaise, voie_id) VALUES (30, '_4plus', NULL, 14);
INSERT INTO testdb.longueur (id, cotation_bloc, cotation_falaise, voie_id) VALUES (31, '_5', NULL, 15);
INSERT INTO testdb.longueur (id, cotation_bloc, cotation_falaise, voie_id) VALUES (32, '_4', NULL, 15);
INSERT INTO testdb.longueur (id, cotation_bloc, cotation_falaise, voie_id) VALUES (33, '_4plus', NULL, 16);
INSERT INTO testdb.longueur (id, cotation_bloc, cotation_falaise, voie_id) VALUES (34, '_4plus', NULL, 16);
INSERT INTO testdb.longueur (id, cotation_bloc, cotation_falaise, voie_id) VALUES (35, '_4', NULL, 17);
INSERT INTO testdb.longueur (id, cotation_bloc, cotation_falaise, voie_id) VALUES (36, '_5', NULL, 17);
INSERT INTO testdb.longueur (id, cotation_bloc, cotation_falaise, voie_id) VALUES (37, '_5', NULL, 18);
INSERT INTO testdb.longueur (id, cotation_bloc, cotation_falaise, voie_id) VALUES (38, '_4plus', NULL, 18);
INSERT INTO testdb.longueur (id, cotation_bloc, cotation_falaise, voie_id) VALUES (39, '_5', NULL, 18);
INSERT INTO testdb.longueur (id, cotation_bloc, cotation_falaise, voie_id) VALUES (40, '_5', NULL, 19);
INSERT INTO testdb.longueur (id, cotation_bloc, cotation_falaise, voie_id) VALUES (41, '_5', NULL, 19);
INSERT INTO testdb.longueur (id, cotation_bloc, cotation_falaise, voie_id) VALUES (42, '_4plus', NULL, 19);
INSERT INTO testdb.longueur (id, cotation_bloc, cotation_falaise, voie_id) VALUES (43, '_5plus', NULL, 20);
INSERT INTO testdb.longueur (id, cotation_bloc, cotation_falaise, voie_id) VALUES (44, '_5', NULL, 20);
INSERT INTO testdb.longueur (id, cotation_bloc, cotation_falaise, voie_id) VALUES (45, '_5', NULL, 20);
INSERT INTO testdb.longueur (id, cotation_bloc, cotation_falaise, voie_id) VALUES (46, '_5plus', NULL, 21);
INSERT INTO testdb.longueur (id, cotation_bloc, cotation_falaise, voie_id) VALUES (47, '_5', NULL, 21);
INSERT INTO testdb.longueur (id, cotation_bloc, cotation_falaise, voie_id) VALUES (48, '_4plus', NULL, 22);
INSERT INTO testdb.longueur (id, cotation_bloc, cotation_falaise, voie_id) VALUES (49, '_5', NULL, 22);
INSERT INTO testdb.longueur (id, cotation_bloc, cotation_falaise, voie_id) VALUES (50, '_4', NULL, 23);
INSERT INTO testdb.longueur (id, cotation_bloc, cotation_falaise, voie_id) VALUES (51, '_6A', NULL, 23);
INSERT INTO testdb.longueur (id, cotation_bloc, cotation_falaise, voie_id) VALUES (52, '_5', NULL, 24);
INSERT INTO testdb.longueur (id, cotation_bloc, cotation_falaise, voie_id) VALUES (53, '_5', NULL, 24);
INSERT INTO testdb.longueur (id, cotation_bloc, cotation_falaise, voie_id) VALUES (54, '_5', NULL, 24);
INSERT INTO testdb.longueur (id, cotation_bloc, cotation_falaise, voie_id) VALUES (55, '_5plus', NULL, 25);
INSERT INTO testdb.longueur (id, cotation_bloc, cotation_falaise, voie_id) VALUES (56, '_5plus', NULL, 25);
INSERT INTO testdb.longueur (id, cotation_bloc, cotation_falaise, voie_id) VALUES (57, '_5', NULL, 26);
INSERT INTO testdb.longueur (id, cotation_bloc, cotation_falaise, voie_id) VALUES (58, '_6A', NULL, 26);
INSERT INTO testdb.longueur (id, cotation_bloc, cotation_falaise, voie_id) VALUES (59, '_5', NULL, 27);
INSERT INTO testdb.longueur (id, cotation_bloc, cotation_falaise, voie_id) VALUES (60, '_6A', NULL, 27);
INSERT INTO testdb.longueur (id, cotation_bloc, cotation_falaise, voie_id) VALUES (61, '_5plus', NULL, 28);
INSERT INTO testdb.longueur (id, cotation_bloc, cotation_falaise, voie_id) VALUES (62, '_5plus', NULL, 29);
INSERT INTO testdb.longueur (id, cotation_bloc, cotation_falaise, voie_id) VALUES (63, '_5plus', NULL, 29);
INSERT INTO testdb.longueur (id, cotation_bloc, cotation_falaise, voie_id) VALUES (64, '_6A', NULL, 29);
INSERT INTO testdb.longueur (id, cotation_bloc, cotation_falaise, voie_id) VALUES (65, '_6A', NULL, 30);
INSERT INTO testdb.longueur (id, cotation_bloc, cotation_falaise, voie_id) VALUES (66, '_5', NULL, 30);
INSERT INTO testdb.longueur (id, cotation_bloc, cotation_falaise, voie_id) VALUES (67, '_5plus', NULL, 31);
INSERT INTO testdb.longueur (id, cotation_bloc, cotation_falaise, voie_id) VALUES (68, '_5plus', NULL, 31);
INSERT INTO testdb.longueur (id, cotation_bloc, cotation_falaise, voie_id) VALUES (69, '_5', NULL, 31);
INSERT INTO testdb.longueur (id, cotation_bloc, cotation_falaise, voie_id) VALUES (70, '_6A', NULL, 31);
INSERT INTO testdb.longueur (id, cotation_bloc, cotation_falaise, voie_id) VALUES (71, '_5plus', NULL, 31);
INSERT INTO testdb.longueur (id, cotation_bloc, cotation_falaise, voie_id) VALUES (72, '_5plus', NULL, 32);
INSERT INTO testdb.longueur (id, cotation_bloc, cotation_falaise, voie_id) VALUES (73, '_6A', NULL, 33);
INSERT INTO testdb.longueur (id, cotation_bloc, cotation_falaise, voie_id) VALUES (74, '_6A', NULL, 34);
INSERT INTO testdb.longueur (id, cotation_bloc, cotation_falaise, voie_id) VALUES (75, '_6A', NULL, 35);
INSERT INTO testdb.longueur (id, cotation_bloc, cotation_falaise, voie_id) VALUES (76, '_6Aplus', NULL, 36);
INSERT INTO testdb.longueur (id, cotation_bloc, cotation_falaise, voie_id) VALUES (77, '_5plus', NULL, 36);
INSERT INTO testdb.longueur (id, cotation_bloc, cotation_falaise, voie_id) VALUES (78, '_6A', NULL, 36);
INSERT INTO testdb.longueur (id, cotation_bloc, cotation_falaise, voie_id) VALUES (79, '_5plus', NULL, 37);
INSERT INTO testdb.longueur (id, cotation_bloc, cotation_falaise, voie_id) VALUES (80, '_5plus', NULL, 37);
INSERT INTO testdb.longueur (id, cotation_bloc, cotation_falaise, voie_id) VALUES (81, '_6B', NULL, 37);
INSERT INTO testdb.longueur (id, cotation_bloc, cotation_falaise, voie_id) VALUES (82, '_6A', NULL, 38);
INSERT INTO testdb.longueur (id, cotation_bloc, cotation_falaise, voie_id) VALUES (83, '_6Aplus', NULL, 38);
INSERT INTO testdb.longueur (id, cotation_bloc, cotation_falaise, voie_id) VALUES (84, '_6A', NULL, 39);
INSERT INTO testdb.longueur (id, cotation_bloc, cotation_falaise, voie_id) VALUES (85, '_5plus', NULL, 39);
INSERT INTO testdb.longueur (id, cotation_bloc, cotation_falaise, voie_id) VALUES (86, '_6A', NULL, 40);
INSERT INTO testdb.longueur (id, cotation_bloc, cotation_falaise, voie_id) VALUES (87, '_6A', NULL, 40);
INSERT INTO testdb.longueur (id, cotation_bloc, cotation_falaise, voie_id) VALUES (88, '_6Aplus', NULL, 40);
INSERT INTO testdb.longueur (id, cotation_bloc, cotation_falaise, voie_id) VALUES (89, '_6B', NULL, 41);
INSERT INTO testdb.longueur (id, cotation_bloc, cotation_falaise, voie_id) VALUES (90, '_5', NULL, 41);
INSERT INTO testdb.longueur (id, cotation_bloc, cotation_falaise, voie_id) VALUES (91, '_6Aplus', NULL, 42);
INSERT INTO testdb.longueur (id, cotation_bloc, cotation_falaise, voie_id) VALUES (92, '_6A', NULL, 42);
INSERT INTO testdb.longueur (id, cotation_bloc, cotation_falaise, voie_id) VALUES (93, '_6B', NULL, 42);
INSERT INTO testdb.longueur (id, cotation_bloc, cotation_falaise, voie_id) VALUES (94, '_6Aplus', NULL, 42);
INSERT INTO testdb.longueur (id, cotation_bloc, cotation_falaise, voie_id) VALUES (95, '_6Aplus', NULL, 43);
INSERT INTO testdb.longueur (id, cotation_bloc, cotation_falaise, voie_id) VALUES (96, '_6A', NULL, 43);
INSERT INTO testdb.longueur (id, cotation_bloc, cotation_falaise, voie_id) VALUES (97, '_6B', NULL, 43);
INSERT INTO testdb.longueur (id, cotation_bloc, cotation_falaise, voie_id) VALUES (98, '_6Aplus', NULL, 43);
INSERT INTO testdb.longueur (id, cotation_bloc, cotation_falaise, voie_id) VALUES (99, '_6Bplus', NULL, 44);
INSERT INTO testdb.longueur (id, cotation_bloc, cotation_falaise, voie_id) VALUES (100, '_5plus', NULL, 44);
INSERT INTO testdb.longueur (id, cotation_bloc, cotation_falaise, voie_id) VALUES (101, '_6Aplus', NULL, 44);
INSERT INTO testdb.longueur (id, cotation_bloc, cotation_falaise, voie_id) VALUES (102, '_6Aplus', NULL, 44);
INSERT INTO testdb.longueur (id, cotation_bloc, cotation_falaise, voie_id) VALUES (103, '_6B', NULL, 45);
INSERT INTO testdb.longueur (id, cotation_bloc, cotation_falaise, voie_id) VALUES (104, '_6Aplus', NULL, 45);
INSERT INTO testdb.longueur (id, cotation_bloc, cotation_falaise, voie_id) VALUES (105, '_6Aplus', NULL, 46);
INSERT INTO testdb.longueur (id, cotation_bloc, cotation_falaise, voie_id) VALUES (106, '_6Aplus', NULL, 46);
INSERT INTO testdb.longueur (id, cotation_bloc, cotation_falaise, voie_id) VALUES (107, '_6A', NULL, 47);
INSERT INTO testdb.longueur (id, cotation_bloc, cotation_falaise, voie_id) VALUES (108, '_6B', NULL, 47);
INSERT INTO testdb.longueur (id, cotation_bloc, cotation_falaise, voie_id) VALUES (109, '_6B', NULL, 48);
INSERT INTO testdb.longueur (id, cotation_bloc, cotation_falaise, voie_id) VALUES (110, '_6B', NULL, 48);
INSERT INTO testdb.longueur (id, cotation_bloc, cotation_falaise, voie_id) VALUES (111, '_6Bplus', NULL, 49);
INSERT INTO testdb.longueur (id, cotation_bloc, cotation_falaise, voie_id) VALUES (112, '_6Aplus', NULL, 49);
INSERT INTO testdb.longueur (id, cotation_bloc, cotation_falaise, voie_id) VALUES (113, '_6Aplus', NULL, 50);
INSERT INTO testdb.longueur (id, cotation_bloc, cotation_falaise, voie_id) VALUES (114, '_6Bplus', NULL, 50);
INSERT INTO testdb.longueur (id, cotation_bloc, cotation_falaise, voie_id) VALUES (115, '_6B', NULL, 51);
INSERT INTO testdb.longueur (id, cotation_bloc, cotation_falaise, voie_id) VALUES (116, '_6B', NULL, 51);
INSERT INTO testdb.longueur (id, cotation_bloc, cotation_falaise, voie_id) VALUES (117, '_6C', NULL, 52);
INSERT INTO testdb.longueur (id, cotation_bloc, cotation_falaise, voie_id) VALUES (118, '_6A', NULL, 52);
INSERT INTO testdb.longueur (id, cotation_bloc, cotation_falaise, voie_id) VALUES (119, '_6B', NULL, 53);
INSERT INTO testdb.longueur (id, cotation_bloc, cotation_falaise, voie_id) VALUES (120, '_6C', NULL, 54);
INSERT INTO testdb.longueur (id, cotation_bloc, cotation_falaise, voie_id) VALUES (121, '_6B', NULL, 53);
INSERT INTO testdb.longueur (id, cotation_bloc, cotation_falaise, voie_id) VALUES (122, '_6B', NULL, 55);
INSERT INTO testdb.longueur (id, cotation_bloc, cotation_falaise, voie_id) VALUES (123, '_6Aplus', NULL, 55);
INSERT INTO testdb.longueur (id, cotation_bloc, cotation_falaise, voie_id) VALUES (124, '_6B', NULL, 56);
INSERT INTO testdb.longueur (id, cotation_bloc, cotation_falaise, voie_id) VALUES (125, '_6Bplus', NULL, 48);
INSERT INTO testdb.longueur (id, cotation_bloc, cotation_falaise, voie_id) VALUES (126, '_6Bplus', NULL, 49);
INSERT INTO testdb.longueur (id, cotation_bloc, cotation_falaise, voie_id) VALUES (127, '_6Bplus', NULL, 50);
INSERT INTO testdb.longueur (id, cotation_bloc, cotation_falaise, voie_id) VALUES (128, '_6Bplus', NULL, 51);
INSERT INTO testdb.longueur (id, cotation_bloc, cotation_falaise, voie_id) VALUES (129, '_6B', NULL, 52);
INSERT INTO testdb.longueur (id, cotation_bloc, cotation_falaise, voie_id) VALUES (130, '_6C', NULL, 56);
INSERT INTO testdb.longueur (id, cotation_bloc, cotation_falaise, voie_id) VALUES (131, '_6Bplus', NULL, 54);
INSERT INTO testdb.longueur (id, cotation_bloc, cotation_falaise, voie_id) VALUES (132, '_6Cplus', NULL, 53);
INSERT INTO testdb.longueur (id, cotation_bloc, cotation_falaise, voie_id) VALUES (133, '_6Aplus', NULL, 53);
INSERT INTO testdb.longueur (id, cotation_bloc, cotation_falaise, voie_id) VALUES (134, '_6Bplus', NULL, 57);
INSERT INTO testdb.longueur (id, cotation_bloc, cotation_falaise, voie_id) VALUES (135, '_6C', NULL, 58);
INSERT INTO testdb.longueur (id, cotation_bloc, cotation_falaise, voie_id) VALUES (136, '_6Bplus', NULL, 55);
INSERT INTO testdb.longueur (id, cotation_bloc, cotation_falaise, voie_id) VALUES (137, '_6Bplus', NULL, 58);
INSERT INTO testdb.longueur (id, cotation_bloc, cotation_falaise, voie_id) VALUES (138, '_6Bplus', NULL, 59);
INSERT INTO testdb.longueur (id, cotation_bloc, cotation_falaise, voie_id) VALUES (139, '_6B', NULL, 56);
INSERT INTO testdb.longueur (id, cotation_bloc, cotation_falaise, voie_id) VALUES (140, '_6Bplus', NULL, 60);
INSERT INTO testdb.longueur (id, cotation_bloc, cotation_falaise, voie_id) VALUES (141, '_6B', NULL, 61);
INSERT INTO testdb.longueur (id, cotation_bloc, cotation_falaise, voie_id) VALUES (142, '_6Bplus', NULL, 61);
INSERT INTO testdb.longueur (id, cotation_bloc, cotation_falaise, voie_id) VALUES (143, '_6C', NULL, 62);
INSERT INTO testdb.longueur (id, cotation_bloc, cotation_falaise, voie_id) VALUES (144, '_6C', NULL, 62);
INSERT INTO testdb.longueur (id, cotation_bloc, cotation_falaise, voie_id) VALUES (145, '_7A', NULL, 63);
INSERT INTO testdb.longueur (id, cotation_bloc, cotation_falaise, voie_id) VALUES (146, '_6B', NULL, 63);
INSERT INTO testdb.longueur (id, cotation_bloc, cotation_falaise, voie_id) VALUES (147, '_6C', NULL, 64);
INSERT INTO testdb.longueur (id, cotation_bloc, cotation_falaise, voie_id) VALUES (148, '_6Bplus', NULL, 64);
INSERT INTO testdb.longueur (id, cotation_bloc, cotation_falaise, voie_id) VALUES (149, '_6Cplus', NULL, 64);
INSERT INTO testdb.longueur (id, cotation_bloc, cotation_falaise, voie_id) VALUES (150, '_6C', NULL, 64);
INSERT INTO testdb.longueur (id, cotation_bloc, cotation_falaise, voie_id) VALUES (151, '_6C', NULL, 64);
INSERT INTO testdb.longueur (id, cotation_bloc, cotation_falaise, voie_id) VALUES (152, '_6C', NULL, 65);
INSERT INTO testdb.longueur (id, cotation_bloc, cotation_falaise, voie_id) VALUES (153, '_6C', NULL, 54);
INSERT INTO testdb.longueur (id, cotation_bloc, cotation_falaise, voie_id) VALUES (154, '_6Bplus', NULL, 57);
INSERT INTO testdb.longueur (id, cotation_bloc, cotation_falaise, voie_id) VALUES (155, '_6Cplus', NULL, 57);
INSERT INTO testdb.longueur (id, cotation_bloc, cotation_falaise, voie_id) VALUES (156, '_6C', NULL, 58);
INSERT INTO testdb.longueur (id, cotation_bloc, cotation_falaise, voie_id) VALUES (157, '_6C', NULL, 58);
INSERT INTO testdb.longueur (id, cotation_bloc, cotation_falaise, voie_id) VALUES (158, '_6C', NULL, 59);
INSERT INTO testdb.longueur (id, cotation_bloc, cotation_falaise, voie_id) VALUES (159, '_6Cplus', NULL, 59);
INSERT INTO testdb.longueur (id, cotation_bloc, cotation_falaise, voie_id) VALUES (160, '_6C', NULL, 61);
INSERT INTO testdb.longueur (id, cotation_bloc, cotation_falaise, voie_id) VALUES (161, '_6Cplus', NULL, 66);
INSERT INTO testdb.longueur (id, cotation_bloc, cotation_falaise, voie_id) VALUES (162, '_6Cplus', NULL, 66);
INSERT INTO testdb.longueur (id, cotation_bloc, cotation_falaise, voie_id) VALUES (163, '_7A', NULL, 67);
INSERT INTO testdb.longueur (id, cotation_bloc, cotation_falaise, voie_id) VALUES (164, '_6C', NULL, 67);
INSERT INTO testdb.longueur (id, cotation_bloc, cotation_falaise, voie_id) VALUES (165, '_6Cplus', NULL, 68);
INSERT INTO testdb.longueur (id, cotation_bloc, cotation_falaise, voie_id) VALUES (166, '_7A', NULL, 68);
INSERT INTO testdb.longueur (id, cotation_bloc, cotation_falaise, voie_id) VALUES (167, '_6C', NULL, 68);
INSERT INTO testdb.longueur (id, cotation_bloc, cotation_falaise, voie_id) VALUES (168, '_6Cplus', NULL, 68);
INSERT INTO testdb.longueur (id, cotation_bloc, cotation_falaise, voie_id) VALUES (169, '_6Cplus', NULL, 69);
INSERT INTO testdb.longueur (id, cotation_bloc, cotation_falaise, voie_id) VALUES (170, '_6Cplus', NULL, 69);
INSERT INTO testdb.longueur (id, cotation_bloc, cotation_falaise, voie_id) VALUES (171, '_6Cplus', NULL, 69);
INSERT INTO testdb.longueur (id, cotation_bloc, cotation_falaise, voie_id) VALUES (172, '_7A', NULL, 70);
INSERT INTO testdb.longueur (id, cotation_bloc, cotation_falaise, voie_id) VALUES (173, '_6C', NULL, 70);
INSERT INTO testdb.longueur (id, cotation_bloc, cotation_falaise, voie_id) VALUES (174, '_6Cplus', NULL, 70);
INSERT INTO testdb.longueur (id, cotation_bloc, cotation_falaise, voie_id) VALUES (175, '_6Cplus', NULL, 71);
INSERT INTO testdb.longueur (id, cotation_bloc, cotation_falaise, voie_id) VALUES (176, '_6Cplus', NULL, 71);
INSERT INTO testdb.longueur (id, cotation_bloc, cotation_falaise, voie_id) VALUES (177, '_6Bplus', NULL, 72);
INSERT INTO testdb.longueur (id, cotation_bloc, cotation_falaise, voie_id) VALUES (178, '_7Aplus', NULL, 72);
INSERT INTO testdb.longueur (id, cotation_bloc, cotation_falaise, voie_id) VALUES (179, '_7A', NULL, 73);
INSERT INTO testdb.longueur (id, cotation_bloc, cotation_falaise, voie_id) VALUES (180, '_7A', NULL, 73);
INSERT INTO testdb.longueur (id, cotation_bloc, cotation_falaise, voie_id) VALUES (181, '_7A', NULL, 73);
INSERT INTO testdb.longueur (id, cotation_bloc, cotation_falaise, voie_id) VALUES (182, '_6Cplus', NULL, 74);
INSERT INTO testdb.longueur (id, cotation_bloc, cotation_falaise, voie_id) VALUES (183, '_7Aplus', NULL, 74);
INSERT INTO testdb.longueur (id, cotation_bloc, cotation_falaise, voie_id) VALUES (184, '_7A', NULL, 75);
INSERT INTO testdb.longueur (id, cotation_bloc, cotation_falaise, voie_id) VALUES (185, '_7Aplus', NULL, 75);
INSERT INTO testdb.longueur (id, cotation_bloc, cotation_falaise, voie_id) VALUES (186, '_7A', NULL, 76);
INSERT INTO testdb.longueur (id, cotation_bloc, cotation_falaise, voie_id) VALUES (187, '_6Cplus', NULL, 76);
INSERT INTO testdb.longueur (id, cotation_bloc, cotation_falaise, voie_id) VALUES (188, '_6Cplus', NULL, 77);
INSERT INTO testdb.longueur (id, cotation_bloc, cotation_falaise, voie_id) VALUES (189, '_7A', NULL, 77);
INSERT INTO testdb.longueur (id, cotation_bloc, cotation_falaise, voie_id) VALUES (190, '_7A', NULL, 78);
INSERT INTO testdb.longueur (id, cotation_bloc, cotation_falaise, voie_id) VALUES (191, '_7Aplus', NULL, 78);
INSERT INTO testdb.longueur (id, cotation_bloc, cotation_falaise, voie_id) VALUES (192, '_7B', NULL, 79);
INSERT INTO testdb.longueur (id, cotation_bloc, cotation_falaise, voie_id) VALUES (193, '_6Cplus', NULL, 79);
INSERT INTO testdb.longueur (id, cotation_bloc, cotation_falaise, voie_id) VALUES (194, '_7A', NULL, 80);
INSERT INTO testdb.longueur (id, cotation_bloc, cotation_falaise, voie_id) VALUES (195, '_7A', NULL, 80);
INSERT INTO testdb.longueur (id, cotation_bloc, cotation_falaise, voie_id) VALUES (196, '_7Aplus', NULL, 80);
INSERT INTO testdb.longueur (id, cotation_bloc, cotation_falaise, voie_id) VALUES (197, '_7Aplus', NULL, 81);
INSERT INTO testdb.longueur (id, cotation_bloc, cotation_falaise, voie_id) VALUES (198, '_7Aplus', NULL, 81);
INSERT INTO testdb.longueur (id, cotation_bloc, cotation_falaise, voie_id) VALUES (199, '_7Aplus', NULL, 81);
INSERT INTO testdb.longueur (id, cotation_bloc, cotation_falaise, voie_id) VALUES (200, '_7A', NULL, 82);
INSERT INTO testdb.longueur (id, cotation_bloc, cotation_falaise, voie_id) VALUES (201, '_7Aplus', NULL, 82);
INSERT INTO testdb.longueur (id, cotation_bloc, cotation_falaise, voie_id) VALUES (202, '_7B', NULL, 82);
INSERT INTO testdb.longueur (id, cotation_bloc, cotation_falaise, voie_id) VALUES (203, '_7Aplus', NULL, 83);
INSERT INTO testdb.longueur (id, cotation_bloc, cotation_falaise, voie_id) VALUES (204, '_7Bplus', NULL, 83);
INSERT INTO testdb.longueur (id, cotation_bloc, cotation_falaise, voie_id) VALUES (205, '_6Cplus', NULL, 83);
INSERT INTO testdb.longueur (id, cotation_bloc, cotation_falaise, voie_id) VALUES (206, '_7Aplus', NULL, 84);
INSERT INTO testdb.longueur (id, cotation_bloc, cotation_falaise, voie_id) VALUES (207, '_7A', NULL, 84);
INSERT INTO testdb.longueur (id, cotation_bloc, cotation_falaise, voie_id) VALUES (208, '_7Aplus', NULL, 85);
INSERT INTO testdb.longueur (id, cotation_bloc, cotation_falaise, voie_id) VALUES (209, '_7B', NULL, 85);
INSERT INTO testdb.longueur (id, cotation_bloc, cotation_falaise, voie_id) VALUES (210, '_7B', NULL, 86);
INSERT INTO testdb.longueur (id, cotation_bloc, cotation_falaise, voie_id) VALUES (211, '_7B', NULL, 86);
INSERT INTO testdb.longueur (id, cotation_bloc, cotation_falaise, voie_id) VALUES (212, '_7A', NULL, 86);
INSERT INTO testdb.longueur (id, cotation_bloc, cotation_falaise, voie_id) VALUES (213, '_7Aplus', NULL, 86);
INSERT INTO testdb.longueur (id, cotation_bloc, cotation_falaise, voie_id) VALUES (214, '_7Aplus', NULL, 86);
INSERT INTO testdb.longueur (id, cotation_bloc, cotation_falaise, voie_id) VALUES (215, '_7B', NULL, 87);
INSERT INTO testdb.longueur (id, cotation_bloc, cotation_falaise, voie_id) VALUES (216, '_7B', NULL, 87);
INSERT INTO testdb.longueur (id, cotation_bloc, cotation_falaise, voie_id) VALUES (217, '_7Aplus', NULL, 87);
INSERT INTO testdb.longueur (id, cotation_bloc, cotation_falaise, voie_id) VALUES (218, '_7B', NULL, 88);
INSERT INTO testdb.longueur (id, cotation_bloc, cotation_falaise, voie_id) VALUES (219, '_7Bplus', NULL, 88);
INSERT INTO testdb.longueur (id, cotation_bloc, cotation_falaise, voie_id) VALUES (220, '_7B', NULL, 89);
INSERT INTO testdb.longueur (id, cotation_bloc, cotation_falaise, voie_id) VALUES (221, '_7Aplus', NULL, 89);
INSERT INTO testdb.longueur (id, cotation_bloc, cotation_falaise, voie_id) VALUES (222, '_7C', NULL, 90);
INSERT INTO testdb.longueur (id, cotation_bloc, cotation_falaise, voie_id) VALUES (223, '_7A', NULL, 90);
INSERT INTO testdb.longueur (id, cotation_bloc, cotation_falaise, voie_id) VALUES (224, '_7B', NULL, 91);
INSERT INTO testdb.longueur (id, cotation_bloc, cotation_falaise, voie_id) VALUES (225, '_7Bplus', NULL, 91);
INSERT INTO testdb.longueur (id, cotation_bloc, cotation_falaise, voie_id) VALUES (226, '_7Aplus', NULL, 91);
INSERT INTO testdb.longueur (id, cotation_bloc, cotation_falaise, voie_id) VALUES (227, '_7B', NULL, 92);
INSERT INTO testdb.longueur (id, cotation_bloc, cotation_falaise, voie_id) VALUES (228, '_7B', NULL, 92);
INSERT INTO testdb.longueur (id, cotation_bloc, cotation_falaise, voie_id) VALUES (229, '_7Cplus', NULL, 93);
INSERT INTO testdb.longueur (id, cotation_bloc, cotation_falaise, voie_id) VALUES (230, '_6Cplus', NULL, 93);
INSERT INTO testdb.longueur (id, cotation_bloc, cotation_falaise, voie_id) VALUES (231, '_7B', NULL, 94);
INSERT INTO testdb.longueur (id, cotation_bloc, cotation_falaise, voie_id) VALUES (232, '_7B', NULL, 94);
INSERT INTO testdb.longueur (id, cotation_bloc, cotation_falaise, voie_id) VALUES (233, '_7Bplus', NULL, 95);
INSERT INTO testdb.longueur (id, cotation_bloc, cotation_falaise, voie_id) VALUES (234, '_7C', NULL, 96);
INSERT INTO testdb.longueur (id, cotation_bloc, cotation_falaise, voie_id) VALUES (235, '_7B', NULL, 96);
INSERT INTO testdb.longueur (id, cotation_bloc, cotation_falaise, voie_id) VALUES (236, '_7Bplus', NULL, 96);
INSERT INTO testdb.longueur (id, cotation_bloc, cotation_falaise, voie_id) VALUES (237, '_7Bplus', NULL, 96);
INSERT INTO testdb.longueur (id, cotation_bloc, cotation_falaise, voie_id) VALUES (238, '_7C', NULL, 97);
INSERT INTO testdb.longueur (id, cotation_bloc, cotation_falaise, voie_id) VALUES (239, '_7Aplus', NULL, 97);
INSERT INTO testdb.longueur (id, cotation_bloc, cotation_falaise, voie_id) VALUES (240, '_7Bplus', NULL, 97);
INSERT INTO testdb.longueur (id, cotation_bloc, cotation_falaise, voie_id) VALUES (241, '_7C', NULL, 98);
INSERT INTO testdb.longueur (id, cotation_bloc, cotation_falaise, voie_id) VALUES (242, '_7Bplus', NULL, 98);
INSERT INTO testdb.longueur (id, cotation_bloc, cotation_falaise, voie_id) VALUES (243, '_7Bplus', NULL, 98);
INSERT INTO testdb.longueur (id, cotation_bloc, cotation_falaise, voie_id) VALUES (244, '_7Bplus', NULL, 99);
INSERT INTO testdb.longueur (id, cotation_bloc, cotation_falaise, voie_id) VALUES (245, '_7C', NULL, 99);
INSERT INTO testdb.longueur (id, cotation_bloc, cotation_falaise, voie_id) VALUES (246, '_7B', NULL, 99);
INSERT INTO testdb.longueur (id, cotation_bloc, cotation_falaise, voie_id) VALUES (247, '_7Bplus', NULL, 100);
INSERT INTO testdb.longueur (id, cotation_bloc, cotation_falaise, voie_id) VALUES (248, '_7B', NULL, 100);
INSERT INTO testdb.longueur (id, cotation_bloc, cotation_falaise, voie_id) VALUES (249, '_7C', NULL, 100);
INSERT INTO testdb.longueur (id, cotation_bloc, cotation_falaise, voie_id) VALUES (250, '_7Bplus', NULL, 100);
INSERT INTO testdb.longueur (id, cotation_bloc, cotation_falaise, voie_id) VALUES (251, '_7C', NULL, 101);
INSERT INTO testdb.longueur (id, cotation_bloc, cotation_falaise, voie_id) VALUES (252, '_7C', NULL, 101);
INSERT INTO testdb.longueur (id, cotation_bloc, cotation_falaise, voie_id) VALUES (253, '_7Bplus', NULL, 102);
INSERT INTO testdb.longueur (id, cotation_bloc, cotation_falaise, voie_id) VALUES (254, '_7Cplus', NULL, 102);
INSERT INTO testdb.longueur (id, cotation_bloc, cotation_falaise, voie_id) VALUES (255, '_7Bplus', NULL, 103);
INSERT INTO testdb.longueur (id, cotation_bloc, cotation_falaise, voie_id) VALUES (256, '_7C', NULL, 103);
INSERT INTO testdb.longueur (id, cotation_bloc, cotation_falaise, voie_id) VALUES (257, '_7C', NULL, 104);
INSERT INTO testdb.longueur (id, cotation_bloc, cotation_falaise, voie_id) VALUES (258, '_7Cplus', NULL, 104);
INSERT INTO testdb.longueur (id, cotation_bloc, cotation_falaise, voie_id) VALUES (259, '_7Cplus', NULL, 105);
INSERT INTO testdb.longueur (id, cotation_bloc, cotation_falaise, voie_id) VALUES (260, '_7B', NULL, 105);
INSERT INTO testdb.longueur (id, cotation_bloc, cotation_falaise, voie_id) VALUES (261, '_7Bplus', NULL, 106);
INSERT INTO testdb.longueur (id, cotation_bloc, cotation_falaise, voie_id) VALUES (262, '_7C', NULL, 106);
INSERT INTO testdb.longueur (id, cotation_bloc, cotation_falaise, voie_id) VALUES (263, '_7Bplus', NULL, 107);
INSERT INTO testdb.longueur (id, cotation_bloc, cotation_falaise, voie_id) VALUES (264, '_7C', NULL, 107);
INSERT INTO testdb.longueur (id, cotation_bloc, cotation_falaise, voie_id) VALUES (265, '_7C', NULL, 108);
INSERT INTO testdb.longueur (id, cotation_bloc, cotation_falaise, voie_id) VALUES (266, '_7Bplus', NULL, 108);
INSERT INTO testdb.longueur (id, cotation_bloc, cotation_falaise, voie_id) VALUES (267, '_7C', NULL, 109);
INSERT INTO testdb.longueur (id, cotation_bloc, cotation_falaise, voie_id) VALUES (268, '_7B', NULL, 109);
INSERT INTO testdb.longueur (id, cotation_bloc, cotation_falaise, voie_id) VALUES (269, '_7Cplus', NULL, 110);
INSERT INTO testdb.longueur (id, cotation_bloc, cotation_falaise, voie_id) VALUES (270, '_7C', NULL, 110);
INSERT INTO testdb.longueur (id, cotation_bloc, cotation_falaise, voie_id) VALUES (271, '_7Cplus', NULL, 110);
INSERT INTO testdb.longueur (id, cotation_bloc, cotation_falaise, voie_id) VALUES (272, '_7Cplus', NULL, 110);
INSERT INTO testdb.longueur (id, cotation_bloc, cotation_falaise, voie_id) VALUES (273, '_7C', NULL, 111);
INSERT INTO testdb.longueur (id, cotation_bloc, cotation_falaise, voie_id) VALUES (274, '_8A', NULL, 111);
INSERT INTO testdb.longueur (id, cotation_bloc, cotation_falaise, voie_id) VALUES (275, '_7Cplus', NULL, 111);
INSERT INTO testdb.longueur (id, cotation_bloc, cotation_falaise, voie_id) VALUES (276, '_7Cplus', NULL, 111);
INSERT INTO testdb.longueur (id, cotation_bloc, cotation_falaise, voie_id) VALUES (277, '_7C', NULL, 112);
INSERT INTO testdb.longueur (id, cotation_bloc, cotation_falaise, voie_id) VALUES (278, '_7Cplus', NULL, 112);
INSERT INTO testdb.longueur (id, cotation_bloc, cotation_falaise, voie_id) VALUES (279, '_8A', NULL, 113);
INSERT INTO testdb.longueur (id, cotation_bloc, cotation_falaise, voie_id) VALUES (280, '_7C', NULL, 113);
INSERT INTO testdb.longueur (id, cotation_bloc, cotation_falaise, voie_id) VALUES (281, '_7Cplus', NULL, 114);
INSERT INTO testdb.longueur (id, cotation_bloc, cotation_falaise, voie_id) VALUES (282, '_7Cplus', NULL, 114);
INSERT INTO testdb.longueur (id, cotation_bloc, cotation_falaise, voie_id) VALUES (283, '_7C', NULL, 115);
INSERT INTO testdb.longueur (id, cotation_bloc, cotation_falaise, voie_id) VALUES (284, '_8A', NULL, 115);
INSERT INTO testdb.longueur (id, cotation_bloc, cotation_falaise, voie_id) VALUES (285, '_7Cplus', NULL, 115);
INSERT INTO testdb.longueur (id, cotation_bloc, cotation_falaise, voie_id) VALUES (286, '_7Cplus', NULL, 116);
INSERT INTO testdb.longueur (id, cotation_bloc, cotation_falaise, voie_id) VALUES (287, '_8A', NULL, 117);
INSERT INTO testdb.longueur (id, cotation_bloc, cotation_falaise, voie_id) VALUES (288, '_8A', NULL, 117);
INSERT INTO testdb.longueur (id, cotation_bloc, cotation_falaise, voie_id) VALUES (289, '_7Cplus', NULL, 118);
INSERT INTO testdb.longueur (id, cotation_bloc, cotation_falaise, voie_id) VALUES (290, '_8Aplus', NULL, 118);
INSERT INTO testdb.longueur (id, cotation_bloc, cotation_falaise, voie_id) VALUES (291, '_7Cplus', NULL, 119);
INSERT INTO testdb.longueur (id, cotation_bloc, cotation_falaise, voie_id) VALUES (292, '_8Aplus', NULL, 119);
INSERT INTO testdb.longueur (id, cotation_bloc, cotation_falaise, voie_id) VALUES (293, '_8Aplus', NULL, 120);
INSERT INTO testdb.longueur (id, cotation_bloc, cotation_falaise, voie_id) VALUES (294, '_8A', NULL, 120);
INSERT INTO testdb.longueur (id, cotation_bloc, cotation_falaise, voie_id) VALUES (295, '_8A', NULL, 120);
INSERT INTO testdb.longueur (id, cotation_bloc, cotation_falaise, voie_id) VALUES (296, '_8Aplus', NULL, 121);
INSERT INTO testdb.longueur (id, cotation_bloc, cotation_falaise, voie_id) VALUES (297, '_8Aplus', NULL, 121);
INSERT INTO testdb.longueur (id, cotation_bloc, cotation_falaise, voie_id) VALUES (298, '_8A', NULL, 121);
INSERT INTO testdb.longueur (id, cotation_bloc, cotation_falaise, voie_id) VALUES (299, '_8A', NULL, 122);
INSERT INTO testdb.longueur (id, cotation_bloc, cotation_falaise, voie_id) VALUES (300, '_8A', NULL, 122);
INSERT INTO testdb.longueur (id, cotation_bloc, cotation_falaise, voie_id) VALUES (301, '_7Cplus', NULL, 122);
INSERT INTO testdb.longueur (id, cotation_bloc, cotation_falaise, voie_id) VALUES (302, '_8A', NULL, 123);
INSERT INTO testdb.longueur (id, cotation_bloc, cotation_falaise, voie_id) VALUES (303, '_7Cplus', NULL, 123);
INSERT INTO testdb.longueur (id, cotation_bloc, cotation_falaise, voie_id) VALUES (304, '_8Aplus', NULL, 123);
INSERT INTO testdb.longueur (id, cotation_bloc, cotation_falaise, voie_id) VALUES (305, '_8Aplus', NULL, 124);
INSERT INTO testdb.longueur (id, cotation_bloc, cotation_falaise, voie_id) VALUES (306, '_8A', NULL, 124);
INSERT INTO testdb.longueur (id, cotation_bloc, cotation_falaise, voie_id) VALUES (307, '_8B', NULL, 124);
INSERT INTO testdb.longueur (id, cotation_bloc, cotation_falaise, voie_id) VALUES (308, '_8A', NULL, 125);
INSERT INTO testdb.longueur (id, cotation_bloc, cotation_falaise, voie_id) VALUES (309, '_8Aplus', NULL, 125);
INSERT INTO testdb.longueur (id, cotation_bloc, cotation_falaise, voie_id) VALUES (310, '_8Aplus', NULL, 125);
INSERT INTO testdb.longueur (id, cotation_bloc, cotation_falaise, voie_id) VALUES (311, '_8B', NULL, 126);
INSERT INTO testdb.longueur (id, cotation_bloc, cotation_falaise, voie_id) VALUES (312, '_8Aplus', NULL, 126);
INSERT INTO testdb.longueur (id, cotation_bloc, cotation_falaise, voie_id) VALUES (313, '_8Aplus', NULL, 126);
INSERT INTO testdb.longueur (id, cotation_bloc, cotation_falaise, voie_id) VALUES (314, '_8Aplus', NULL, 127);
INSERT INTO testdb.longueur (id, cotation_bloc, cotation_falaise, voie_id) VALUES (315, '_8Bplus', NULL, 127);
INSERT INTO testdb.longueur (id, cotation_bloc, cotation_falaise, voie_id) VALUES (316, '_7Cplus', NULL, 127);
INSERT INTO testdb.longueur (id, cotation_bloc, cotation_falaise, voie_id) VALUES (317, '_8A', NULL, 127);
INSERT INTO testdb.longueur (id, cotation_bloc, cotation_falaise, voie_id) VALUES (318, '_8A', NULL, 127);
INSERT INTO testdb.longueur (id, cotation_bloc, cotation_falaise, voie_id) VALUES (319, '_8A', NULL, 128);
INSERT INTO testdb.longueur (id, cotation_bloc, cotation_falaise, voie_id) VALUES (320, '_8A', NULL, 129);
INSERT INTO testdb.longueur (id, cotation_bloc, cotation_falaise, voie_id) VALUES (321, '_8A', NULL, 130);
INSERT INTO testdb.longueur (id, cotation_bloc, cotation_falaise, voie_id) VALUES (322, '_8A', NULL, 131);
INSERT INTO testdb.longueur (id, cotation_bloc, cotation_falaise, voie_id) VALUES (323, '_8B', NULL, 132);
INSERT INTO testdb.longueur (id, cotation_bloc, cotation_falaise, voie_id) VALUES (324, '_8B', NULL, 133);
INSERT INTO testdb.longueur (id, cotation_bloc, cotation_falaise, voie_id) VALUES (325, '_8Bplus', NULL, 134);
INSERT INTO testdb.longueur (id, cotation_bloc, cotation_falaise, voie_id) VALUES (326, '_8B', NULL, 134);
INSERT INTO testdb.longueur (id, cotation_bloc, cotation_falaise, voie_id) VALUES (327, '_8A', NULL, 134);
INSERT INTO testdb.longueur (id, cotation_bloc, cotation_falaise, voie_id) VALUES (328, '_8B', NULL, 135);
INSERT INTO testdb.longueur (id, cotation_bloc, cotation_falaise, voie_id) VALUES (329, '_8B', NULL, 135);
INSERT INTO testdb.longueur (id, cotation_bloc, cotation_falaise, voie_id) VALUES (330, '_8B', NULL, 136);
INSERT INTO testdb.longueur (id, cotation_bloc, cotation_falaise, voie_id) VALUES (331, '_8Bplus', NULL, 136);
INSERT INTO testdb.longueur (id, cotation_bloc, cotation_falaise, voie_id) VALUES (332, '_8B', NULL, 137);
INSERT INTO testdb.longueur (id, cotation_bloc, cotation_falaise, voie_id) VALUES (333, '_8B', NULL, 137);
INSERT INTO testdb.longueur (id, cotation_bloc, cotation_falaise, voie_id) VALUES (334, '_8Aplus', NULL, 137);
INSERT INTO testdb.longueur (id, cotation_bloc, cotation_falaise, voie_id) VALUES (335, '_8B', NULL, 138);
INSERT INTO testdb.longueur (id, cotation_bloc, cotation_falaise, voie_id) VALUES (336, '_8B', NULL, 139);
INSERT INTO testdb.longueur (id, cotation_bloc, cotation_falaise, voie_id) VALUES (337, '_8Bplus', NULL, 140);
INSERT INTO testdb.longueur (id, cotation_bloc, cotation_falaise, voie_id) VALUES (338, '_8C', NULL, 140);
INSERT INTO testdb.longueur (id, cotation_bloc, cotation_falaise, voie_id) VALUES (339, '_8Aplus', NULL, 140);
INSERT INTO testdb.longueur (id, cotation_bloc, cotation_falaise, voie_id) VALUES (340, '_8A', NULL, 140);
INSERT INTO testdb.longueur (id, cotation_bloc, cotation_falaise, voie_id) VALUES (341, '_8Bplus', NULL, 141);
INSERT INTO testdb.longueur (id, cotation_bloc, cotation_falaise, voie_id) VALUES (342, '_8Bplus', NULL, 141);
INSERT INTO testdb.longueur (id, cotation_bloc, cotation_falaise, voie_id) VALUES (343, '_8Bplus', NULL, 142);
INSERT INTO testdb.longueur (id, cotation_bloc, cotation_falaise, voie_id) VALUES (344, '_8B', NULL, 142);
INSERT INTO testdb.longueur (id, cotation_bloc, cotation_falaise, voie_id) VALUES (345, '_8Bplus', NULL, 143);
INSERT INTO testdb.longueur (id, cotation_bloc, cotation_falaise, voie_id) VALUES (346, '_8C', NULL, 143);
INSERT INTO testdb.longueur (id, cotation_bloc, cotation_falaise, voie_id) VALUES (347, '_8Bplus', NULL, 143);
INSERT INTO testdb.longueur (id, cotation_bloc, cotation_falaise, voie_id) VALUES (348, '_8Bplus', NULL, 144);
INSERT INTO testdb.longueur (id, cotation_bloc, cotation_falaise, voie_id) VALUES (349, '_8C', NULL, 144);
INSERT INTO testdb.longueur (id, cotation_bloc, cotation_falaise, voie_id) VALUES (350, '_8Aplus', NULL, 144);
INSERT INTO testdb.longueur (id, cotation_bloc, cotation_falaise, voie_id) VALUES (351, '_8Bplus', NULL, 145);
INSERT INTO testdb.longueur (id, cotation_bloc, cotation_falaise, voie_id) VALUES (352, '_8B', NULL, 145);
INSERT INTO testdb.longueur (id, cotation_bloc, cotation_falaise, voie_id) VALUES (353, '_8Bplus', NULL, 146);
INSERT INTO testdb.longueur (id, cotation_bloc, cotation_falaise, voie_id) VALUES (354, '_8C', NULL, 147);
INSERT INTO testdb.longueur (id, cotation_bloc, cotation_falaise, voie_id) VALUES (355, '_8B', NULL, 147);
INSERT INTO testdb.longueur (id, cotation_bloc, cotation_falaise, voie_id) VALUES (356, '_8Bplus', NULL, 148);
INSERT INTO testdb.longueur (id, cotation_bloc, cotation_falaise, voie_id) VALUES (357, '_8Bplus', NULL, 148);
INSERT INTO testdb.longueur (id, cotation_bloc, cotation_falaise, voie_id) VALUES (358, '_8C', NULL, 148);
INSERT INTO testdb.longueur (id, cotation_bloc, cotation_falaise, voie_id) VALUES (359, '_8C', NULL, 149);
INSERT INTO testdb.longueur (id, cotation_bloc, cotation_falaise, voie_id) VALUES (360, '_8C', NULL, 150);
INSERT INTO testdb.longueur (id, cotation_bloc, cotation_falaise, voie_id) VALUES (361, '_8C', NULL, 151);
INSERT INTO testdb.longueur (id, cotation_bloc, cotation_falaise, voie_id) VALUES (362, '_8Clus', NULL, 151);
INSERT INTO testdb.longueur (id, cotation_bloc, cotation_falaise, voie_id) VALUES (363, '_8Bplus', NULL, 151);
INSERT INTO testdb.longueur (id, cotation_bloc, cotation_falaise, voie_id) VALUES (364, '_8C', NULL, 152);
INSERT INTO testdb.longueur (id, cotation_bloc, cotation_falaise, voie_id) VALUES (365, '_8Clus', NULL, 152);
INSERT INTO testdb.longueur (id, cotation_bloc, cotation_falaise, voie_id) VALUES (366, '_8Bplus', NULL, 153);
INSERT INTO testdb.longueur (id, cotation_bloc, cotation_falaise, voie_id) VALUES (367, '_8C', NULL, 153);
INSERT INTO testdb.longueur (id, cotation_bloc, cotation_falaise, voie_id) VALUES (368, '_8Bplus', NULL, 153);
INSERT INTO testdb.longueur (id, cotation_bloc, cotation_falaise, voie_id) VALUES (369, '_8C', NULL, 153);
INSERT INTO testdb.longueur (id, cotation_bloc, cotation_falaise, voie_id) VALUES (370, '_8C', NULL, 154);
INSERT INTO testdb.longueur (id, cotation_bloc, cotation_falaise, voie_id) VALUES (371, '_8C', NULL, 154);
INSERT INTO testdb.longueur (id, cotation_bloc, cotation_falaise, voie_id) VALUES (372, '_8Clus', NULL, 155);
INSERT INTO testdb.longueur (id, cotation_bloc, cotation_falaise, voie_id) VALUES (373, '_8C', NULL, 155);
INSERT INTO testdb.longueur (id, cotation_bloc, cotation_falaise, voie_id) VALUES (374, '_8C', NULL, 156);
INSERT INTO testdb.longueur (id, cotation_bloc, cotation_falaise, voie_id) VALUES (375, '_8Bplus', NULL, 156);
INSERT INTO testdb.longueur (id, cotation_bloc, cotation_falaise, voie_id) VALUES (376, '_8C', NULL, 156);
INSERT INTO testdb.longueur (id, cotation_bloc, cotation_falaise, voie_id) VALUES (377, '_8Clus', NULL, 157);
INSERT INTO testdb.longueur (id, cotation_bloc, cotation_falaise, voie_id) VALUES (378, '_8C', NULL, 157);
INSERT INTO testdb.longueur (id, cotation_bloc, cotation_falaise, voie_id) VALUES (379, '_8C', NULL, 158);
INSERT INTO testdb.longueur (id, cotation_bloc, cotation_falaise, voie_id) VALUES (380, '_8C', NULL, 158);
INSERT INTO testdb.longueur (id, cotation_bloc, cotation_falaise, voie_id) VALUES (381, '_8Clus', NULL, 159);
INSERT INTO testdb.longueur (id, cotation_bloc, cotation_falaise, voie_id) VALUES (382, '_8Clus', NULL, 159);
INSERT INTO testdb.longueur (id, cotation_bloc, cotation_falaise, voie_id) VALUES (383, '_8C', NULL, 160);
INSERT INTO testdb.longueur (id, cotation_bloc, cotation_falaise, voie_id) VALUES (384, '_8Clus', NULL, 160);
INSERT INTO testdb.longueur (id, cotation_bloc, cotation_falaise, voie_id) VALUES (385, '_8Clus', NULL, 160);
INSERT INTO testdb.longueur (id, cotation_bloc, cotation_falaise, voie_id) VALUES (386, '_8C', NULL, 161);
INSERT INTO testdb.longueur (id, cotation_bloc, cotation_falaise, voie_id) VALUES (387, '_8Clus', NULL, 161);
INSERT INTO testdb.longueur (id, cotation_bloc, cotation_falaise, voie_id) VALUES (388, '_8Clus', NULL, 161);
INSERT INTO testdb.longueur (id, cotation_bloc, cotation_falaise, voie_id) VALUES (389, '_8Clus', NULL, 162);
INSERT INTO testdb.longueur (id, cotation_bloc, cotation_falaise, voie_id) VALUES (390, '_8Clus', NULL, 162);
INSERT INTO testdb.longueur (id, cotation_bloc, cotation_falaise, voie_id) VALUES (391, '_8C', NULL, 162);
INSERT INTO testdb.longueur (id, cotation_bloc, cotation_falaise, voie_id) VALUES (392, '_8Clus', NULL, 163);
INSERT INTO testdb.longueur (id, cotation_bloc, cotation_falaise, voie_id) VALUES (393, '_8Clus', NULL, 163);
INSERT INTO testdb.longueur (id, cotation_bloc, cotation_falaise, voie_id) VALUES (394, '_8Clus', NULL, 163);
INSERT INTO testdb.longueur (id, cotation_bloc, cotation_falaise, voie_id) VALUES (395, '_8Clus', NULL, 164);
INSERT INTO testdb.longueur (id, cotation_bloc, cotation_falaise, voie_id) VALUES (396, '_8Clus', NULL, 164);
INSERT INTO testdb.longueur (id, cotation_bloc, cotation_falaise, voie_id) VALUES (397, '_8Clus', NULL, 164);
INSERT INTO testdb.longueur (id, cotation_bloc, cotation_falaise, voie_id) VALUES (398, '_8Clus', NULL, 164);
INSERT INTO testdb.longueur (id, cotation_bloc, cotation_falaise, voie_id) VALUES (399, '_8Clus', NULL, 165);
INSERT INTO testdb.longueur (id, cotation_bloc, cotation_falaise, voie_id) VALUES (400, '_8Clus', NULL, 165);
INSERT INTO testdb.longueur (id, cotation_bloc, cotation_falaise, voie_id) VALUES (401, '_8C', NULL, 165);
INSERT INTO testdb.longueur (id, cotation_bloc, cotation_falaise, voie_id) VALUES (402, '_8C', NULL, 165);
INSERT INTO testdb.longueur (id, cotation_bloc, cotation_falaise, voie_id) VALUES (403, '_8C', NULL, 166);
INSERT INTO testdb.longueur (id, cotation_bloc, cotation_falaise, voie_id) VALUES (404, '_8Clus', NULL, 166);
INSERT INTO testdb.longueur (id, cotation_bloc, cotation_falaise, voie_id) VALUES (405, '_8Clus', NULL, 166);
INSERT INTO testdb.longueur (id, cotation_bloc, cotation_falaise, voie_id) VALUES (406, '_8C', NULL, 167);
INSERT INTO testdb.longueur (id, cotation_bloc, cotation_falaise, voie_id) VALUES (407, '_8C', NULL, 167);
INSERT INTO testdb.longueur (id, cotation_bloc, cotation_falaise, voie_id) VALUES (408, '_8Clus', NULL, 167);
INSERT INTO testdb.longueur (id, cotation_bloc, cotation_falaise, voie_id) VALUES (409, '_8Clus', NULL, 168);
INSERT INTO testdb.longueur (id, cotation_bloc, cotation_falaise, voie_id) VALUES (410, '_8Clus', NULL, 168);
INSERT INTO testdb.longueur (id, cotation_bloc, cotation_falaise, voie_id) VALUES (411, '_8C', NULL, 169);
INSERT INTO testdb.longueur (id, cotation_bloc, cotation_falaise, voie_id) VALUES (412, '_8Clus', NULL, 169);
INSERT INTO testdb.longueur (id, cotation_bloc, cotation_falaise, voie_id) VALUES (413, NULL, '_3', 170);
INSERT INTO testdb.longueur (id, cotation_bloc, cotation_falaise, voie_id) VALUES (414, NULL, '_3', 170);
INSERT INTO testdb.longueur (id, cotation_bloc, cotation_falaise, voie_id) VALUES (415, NULL, '_3Plus', 170);
INSERT INTO testdb.longueur (id, cotation_bloc, cotation_falaise, voie_id) VALUES (416, NULL, '_3', 171);
INSERT INTO testdb.longueur (id, cotation_bloc, cotation_falaise, voie_id) VALUES (417, NULL, '_3Plus', 171);
INSERT INTO testdb.longueur (id, cotation_bloc, cotation_falaise, voie_id) VALUES (418, NULL, '_3', 171);
INSERT INTO testdb.longueur (id, cotation_bloc, cotation_falaise, voie_id) VALUES (419, NULL, '_3Plus', 172);
INSERT INTO testdb.longueur (id, cotation_bloc, cotation_falaise, voie_id) VALUES (420, NULL, '_3', 172);
INSERT INTO testdb.longueur (id, cotation_bloc, cotation_falaise, voie_id) VALUES (421, NULL, '_3', 172);
INSERT INTO testdb.longueur (id, cotation_bloc, cotation_falaise, voie_id) VALUES (422, NULL, '_3Plus', 173);
INSERT INTO testdb.longueur (id, cotation_bloc, cotation_falaise, voie_id) VALUES (423, NULL, '_3', 173);
INSERT INTO testdb.longueur (id, cotation_bloc, cotation_falaise, voie_id) VALUES (424, NULL, '_4a', 174);
INSERT INTO testdb.longueur (id, cotation_bloc, cotation_falaise, voie_id) VALUES (425, NULL, '_3', 174);
INSERT INTO testdb.longueur (id, cotation_bloc, cotation_falaise, voie_id) VALUES (426, NULL, '_3Plus', 175);
INSERT INTO testdb.longueur (id, cotation_bloc, cotation_falaise, voie_id) VALUES (427, NULL, '_3', 175);
INSERT INTO testdb.longueur (id, cotation_bloc, cotation_falaise, voie_id) VALUES (428, NULL, '_3', 175);
INSERT INTO testdb.longueur (id, cotation_bloc, cotation_falaise, voie_id) VALUES (429, NULL, '_3Plus', 176);
INSERT INTO testdb.longueur (id, cotation_bloc, cotation_falaise, voie_id) VALUES (430, NULL, '_3', 176);
INSERT INTO testdb.longueur (id, cotation_bloc, cotation_falaise, voie_id) VALUES (431, NULL, '_3Plus', 177);
INSERT INTO testdb.longueur (id, cotation_bloc, cotation_falaise, voie_id) VALUES (432, NULL, '_3Plus', 177);
INSERT INTO testdb.longueur (id, cotation_bloc, cotation_falaise, voie_id) VALUES (433, NULL, '_3Plus', 178);
INSERT INTO testdb.longueur (id, cotation_bloc, cotation_falaise, voie_id) VALUES (434, NULL, '_3', 178);
INSERT INTO testdb.longueur (id, cotation_bloc, cotation_falaise, voie_id) VALUES (435, NULL, '_3Plus', 179);
INSERT INTO testdb.longueur (id, cotation_bloc, cotation_falaise, voie_id) VALUES (436, NULL, '_3Plus', 179);
INSERT INTO testdb.longueur (id, cotation_bloc, cotation_falaise, voie_id) VALUES (437, NULL, '_4a', 180);
INSERT INTO testdb.longueur (id, cotation_bloc, cotation_falaise, voie_id) VALUES (438, NULL, '_3', 180);
INSERT INTO testdb.longueur (id, cotation_bloc, cotation_falaise, voie_id) VALUES (439, NULL, '_3Plus', 181);
INSERT INTO testdb.longueur (id, cotation_bloc, cotation_falaise, voie_id) VALUES (440, NULL, '_3Plus', 181);
INSERT INTO testdb.longueur (id, cotation_bloc, cotation_falaise, voie_id) VALUES (441, NULL, '_3', 182);
INSERT INTO testdb.longueur (id, cotation_bloc, cotation_falaise, voie_id) VALUES (442, NULL, '_4a', 182);
INSERT INTO testdb.longueur (id, cotation_bloc, cotation_falaise, voie_id) VALUES (443, NULL, '_3Plus', 183);
INSERT INTO testdb.longueur (id, cotation_bloc, cotation_falaise, voie_id) VALUES (444, NULL, '_3Plus', 183);
INSERT INTO testdb.longueur (id, cotation_bloc, cotation_falaise, voie_id) VALUES (445, NULL, '_3Plus', 184);
INSERT INTO testdb.longueur (id, cotation_bloc, cotation_falaise, voie_id) VALUES (446, NULL, '_3Plus', 184);
INSERT INTO testdb.longueur (id, cotation_bloc, cotation_falaise, voie_id) VALUES (447, NULL, '_3Plus', 184);
INSERT INTO testdb.longueur (id, cotation_bloc, cotation_falaise, voie_id) VALUES (448, NULL, '_3Plus', 185);
INSERT INTO testdb.longueur (id, cotation_bloc, cotation_falaise, voie_id) VALUES (449, NULL, '_4a', 186);
INSERT INTO testdb.longueur (id, cotation_bloc, cotation_falaise, voie_id) VALUES (450, NULL, '_4a', 186);
INSERT INTO testdb.longueur (id, cotation_bloc, cotation_falaise, voie_id) VALUES (451, NULL, '_4a', 187);
INSERT INTO testdb.longueur (id, cotation_bloc, cotation_falaise, voie_id) VALUES (452, NULL, '_3', 187);
INSERT INTO testdb.longueur (id, cotation_bloc, cotation_falaise, voie_id) VALUES (453, NULL, '_4c', 187);
INSERT INTO testdb.longueur (id, cotation_bloc, cotation_falaise, voie_id) VALUES (454, NULL, '_4a', 187);
INSERT INTO testdb.longueur (id, cotation_bloc, cotation_falaise, voie_id) VALUES (455, NULL, '_4b', 188);
INSERT INTO testdb.longueur (id, cotation_bloc, cotation_falaise, voie_id) VALUES (456, NULL, '_4a', 188);
INSERT INTO testdb.longueur (id, cotation_bloc, cotation_falaise, voie_id) VALUES (457, NULL, '_4a', 188);
INSERT INTO testdb.longueur (id, cotation_bloc, cotation_falaise, voie_id) VALUES (458, NULL, '_4a', 189);
INSERT INTO testdb.longueur (id, cotation_bloc, cotation_falaise, voie_id) VALUES (459, NULL, '_3Plus', 189);
INSERT INTO testdb.longueur (id, cotation_bloc, cotation_falaise, voie_id) VALUES (460, NULL, '_4a', 190);
INSERT INTO testdb.longueur (id, cotation_bloc, cotation_falaise, voie_id) VALUES (461, NULL, '_4c', 191);
INSERT INTO testdb.longueur (id, cotation_bloc, cotation_falaise, voie_id) VALUES (462, NULL, '_4b', 191);
INSERT INTO testdb.longueur (id, cotation_bloc, cotation_falaise, voie_id) VALUES (463, NULL, '_3Plus', 191);
INSERT INTO testdb.longueur (id, cotation_bloc, cotation_falaise, voie_id) VALUES (464, NULL, '_4a', 191);
INSERT INTO testdb.longueur (id, cotation_bloc, cotation_falaise, voie_id) VALUES (465, NULL, '_4a', 192);
INSERT INTO testdb.longueur (id, cotation_bloc, cotation_falaise, voie_id) VALUES (466, NULL, '_4b', 192);
INSERT INTO testdb.longueur (id, cotation_bloc, cotation_falaise, voie_id) VALUES (467, NULL, '_4b', 193);
INSERT INTO testdb.longueur (id, cotation_bloc, cotation_falaise, voie_id) VALUES (468, NULL, '_4b', 193);
INSERT INTO testdb.longueur (id, cotation_bloc, cotation_falaise, voie_id) VALUES (469, NULL, '_4c', 193);
INSERT INTO testdb.longueur (id, cotation_bloc, cotation_falaise, voie_id) VALUES (470, NULL, '_4b', 194);
INSERT INTO testdb.longueur (id, cotation_bloc, cotation_falaise, voie_id) VALUES (471, NULL, '_4b', 194);
INSERT INTO testdb.longueur (id, cotation_bloc, cotation_falaise, voie_id) VALUES (472, NULL, '_4b', 195);
INSERT INTO testdb.longueur (id, cotation_bloc, cotation_falaise, voie_id) VALUES (473, NULL, '_3Plus', 195);
INSERT INTO testdb.longueur (id, cotation_bloc, cotation_falaise, voie_id) VALUES (474, NULL, '_4b', 196);
INSERT INTO testdb.longueur (id, cotation_bloc, cotation_falaise, voie_id) VALUES (475, NULL, '_3Plus', 196);
INSERT INTO testdb.longueur (id, cotation_bloc, cotation_falaise, voie_id) VALUES (476, NULL, '_5b', 196);
INSERT INTO testdb.longueur (id, cotation_bloc, cotation_falaise, voie_id) VALUES (477, NULL, '_4c', 197);
INSERT INTO testdb.longueur (id, cotation_bloc, cotation_falaise, voie_id) VALUES (478, NULL, '_4a', 197);
INSERT INTO testdb.longueur (id, cotation_bloc, cotation_falaise, voie_id) VALUES (479, NULL, '_4b', 197);
INSERT INTO testdb.longueur (id, cotation_bloc, cotation_falaise, voie_id) VALUES (480, NULL, '_4b', 198);
INSERT INTO testdb.longueur (id, cotation_bloc, cotation_falaise, voie_id) VALUES (481, NULL, '_4b', 198);
INSERT INTO testdb.longueur (id, cotation_bloc, cotation_falaise, voie_id) VALUES (482, NULL, '_4b', 198);
INSERT INTO testdb.longueur (id, cotation_bloc, cotation_falaise, voie_id) VALUES (483, NULL, '_4c', 199);
INSERT INTO testdb.longueur (id, cotation_bloc, cotation_falaise, voie_id) VALUES (484, NULL, '_4b', 199);
INSERT INTO testdb.longueur (id, cotation_bloc, cotation_falaise, voie_id) VALUES (485, NULL, '_4c', 200);
INSERT INTO testdb.longueur (id, cotation_bloc, cotation_falaise, voie_id) VALUES (486, NULL, '_4c', 200);
INSERT INTO testdb.longueur (id, cotation_bloc, cotation_falaise, voie_id) VALUES (487, NULL, '_4b', 201);
INSERT INTO testdb.longueur (id, cotation_bloc, cotation_falaise, voie_id) VALUES (488, NULL, '_5a', 201);
INSERT INTO testdb.longueur (id, cotation_bloc, cotation_falaise, voie_id) VALUES (489, NULL, '_4c', 201);
INSERT INTO testdb.longueur (id, cotation_bloc, cotation_falaise, voie_id) VALUES (490, NULL, '_5a', 202);
INSERT INTO testdb.longueur (id, cotation_bloc, cotation_falaise, voie_id) VALUES (491, NULL, '_4c', 202);
INSERT INTO testdb.longueur (id, cotation_bloc, cotation_falaise, voie_id) VALUES (492, NULL, '_4c', 202);
INSERT INTO testdb.longueur (id, cotation_bloc, cotation_falaise, voie_id) VALUES (493, NULL, '_4c', 203);
INSERT INTO testdb.longueur (id, cotation_bloc, cotation_falaise, voie_id) VALUES (494, NULL, '_4c', 203);
INSERT INTO testdb.longueur (id, cotation_bloc, cotation_falaise, voie_id) VALUES (495, NULL, '_5a', 204);
INSERT INTO testdb.longueur (id, cotation_bloc, cotation_falaise, voie_id) VALUES (496, NULL, '_4c', 204);
INSERT INTO testdb.longueur (id, cotation_bloc, cotation_falaise, voie_id) VALUES (497, NULL, '_5a', 205);
INSERT INTO testdb.longueur (id, cotation_bloc, cotation_falaise, voie_id) VALUES (498, NULL, '_4b', 205);
INSERT INTO testdb.longueur (id, cotation_bloc, cotation_falaise, voie_id) VALUES (499, NULL, '_4c', 206);
INSERT INTO testdb.longueur (id, cotation_bloc, cotation_falaise, voie_id) VALUES (500, NULL, '_4c', 206);
INSERT INTO testdb.longueur (id, cotation_bloc, cotation_falaise, voie_id) VALUES (501, NULL, '_4c', 207);
INSERT INTO testdb.longueur (id, cotation_bloc, cotation_falaise, voie_id) VALUES (502, NULL, '_4c', 208);
INSERT INTO testdb.longueur (id, cotation_bloc, cotation_falaise, voie_id) VALUES (503, NULL, '_5a', 209);
INSERT INTO testdb.longueur (id, cotation_bloc, cotation_falaise, voie_id) VALUES (504, NULL, '_5a', 209);
INSERT INTO testdb.longueur (id, cotation_bloc, cotation_falaise, voie_id) VALUES (505, NULL, '_5a', 210);
INSERT INTO testdb.longueur (id, cotation_bloc, cotation_falaise, voie_id) VALUES (506, NULL, '_5a', 211);
INSERT INTO testdb.longueur (id, cotation_bloc, cotation_falaise, voie_id) VALUES (507, NULL, '_4c', 212);
INSERT INTO testdb.longueur (id, cotation_bloc, cotation_falaise, voie_id) VALUES (508, NULL, '_5b', 212);
INSERT INTO testdb.longueur (id, cotation_bloc, cotation_falaise, voie_id) VALUES (509, NULL, '_5a', 212);
INSERT INTO testdb.longueur (id, cotation_bloc, cotation_falaise, voie_id) VALUES (510, NULL, '_5b', 213);
INSERT INTO testdb.longueur (id, cotation_bloc, cotation_falaise, voie_id) VALUES (511, NULL, '_5a', 213);
INSERT INTO testdb.longueur (id, cotation_bloc, cotation_falaise, voie_id) VALUES (512, NULL, '_5b', 214);
INSERT INTO testdb.longueur (id, cotation_bloc, cotation_falaise, voie_id) VALUES (513, NULL, '_4c', 214);
INSERT INTO testdb.longueur (id, cotation_bloc, cotation_falaise, voie_id) VALUES (514, NULL, '_4c', 215);
INSERT INTO testdb.longueur (id, cotation_bloc, cotation_falaise, voie_id) VALUES (515, NULL, '_4c', 215);
INSERT INTO testdb.longueur (id, cotation_bloc, cotation_falaise, voie_id) VALUES (516, NULL, '_5c', 215);
INSERT INTO testdb.longueur (id, cotation_bloc, cotation_falaise, voie_id) VALUES (517, NULL, '_5a', 216);
INSERT INTO testdb.longueur (id, cotation_bloc, cotation_falaise, voie_id) VALUES (518, NULL, '_5b', 217);
INSERT INTO testdb.longueur (id, cotation_bloc, cotation_falaise, voie_id) VALUES (519, NULL, '_5a', 217);
INSERT INTO testdb.longueur (id, cotation_bloc, cotation_falaise, voie_id) VALUES (520, NULL, '_4c', 217);
INSERT INTO testdb.longueur (id, cotation_bloc, cotation_falaise, voie_id) VALUES (521, NULL, '_5b', 218);
INSERT INTO testdb.longueur (id, cotation_bloc, cotation_falaise, voie_id) VALUES (522, NULL, '_5b', 218);
INSERT INTO testdb.longueur (id, cotation_bloc, cotation_falaise, voie_id) VALUES (523, NULL, '_5a', 219);
INSERT INTO testdb.longueur (id, cotation_bloc, cotation_falaise, voie_id) VALUES (524, NULL, '_5c', 219);
INSERT INTO testdb.longueur (id, cotation_bloc, cotation_falaise, voie_id) VALUES (525, NULL, '_5b', 219);
INSERT INTO testdb.longueur (id, cotation_bloc, cotation_falaise, voie_id) VALUES (526, NULL, '_5b', 220);
INSERT INTO testdb.longueur (id, cotation_bloc, cotation_falaise, voie_id) VALUES (527, NULL, '_5c', 220);
INSERT INTO testdb.longueur (id, cotation_bloc, cotation_falaise, voie_id) VALUES (528, NULL, '_5b', 221);
INSERT INTO testdb.longueur (id, cotation_bloc, cotation_falaise, voie_id) VALUES (529, NULL, '_4c', 221);
INSERT INTO testdb.longueur (id, cotation_bloc, cotation_falaise, voie_id) VALUES (530, NULL, '_5c', 221);
INSERT INTO testdb.longueur (id, cotation_bloc, cotation_falaise, voie_id) VALUES (531, NULL, '_5c', 221);
INSERT INTO testdb.longueur (id, cotation_bloc, cotation_falaise, voie_id) VALUES (532, NULL, '_5b', 222);
INSERT INTO testdb.longueur (id, cotation_bloc, cotation_falaise, voie_id) VALUES (533, NULL, '_5a', 222);
INSERT INTO testdb.longueur (id, cotation_bloc, cotation_falaise, voie_id) VALUES (534, NULL, '_5b', 223);
INSERT INTO testdb.longueur (id, cotation_bloc, cotation_falaise, voie_id) VALUES (535, NULL, '_5b', 224);
INSERT INTO testdb.longueur (id, cotation_bloc, cotation_falaise, voie_id) VALUES (536, NULL, '_5b', 225);
INSERT INTO testdb.longueur (id, cotation_bloc, cotation_falaise, voie_id) VALUES (537, NULL, '_5c', 226);
INSERT INTO testdb.longueur (id, cotation_bloc, cotation_falaise, voie_id) VALUES (538, NULL, '_5a', 226);
INSERT INTO testdb.longueur (id, cotation_bloc, cotation_falaise, voie_id) VALUES (539, NULL, '_5c', 227);
INSERT INTO testdb.longueur (id, cotation_bloc, cotation_falaise, voie_id) VALUES (540, NULL, '_5c', 228);
INSERT INTO testdb.longueur (id, cotation_bloc, cotation_falaise, voie_id) VALUES (541, NULL, '_6a', 228);
INSERT INTO testdb.longueur (id, cotation_bloc, cotation_falaise, voie_id) VALUES (542, NULL, '_6a', 229);
INSERT INTO testdb.longueur (id, cotation_bloc, cotation_falaise, voie_id) VALUES (543, NULL, '_5c', 229);
INSERT INTO testdb.longueur (id, cotation_bloc, cotation_falaise, voie_id) VALUES (544, NULL, '_5b', 229);
INSERT INTO testdb.longueur (id, cotation_bloc, cotation_falaise, voie_id) VALUES (545, NULL, '_5b', 230);
INSERT INTO testdb.longueur (id, cotation_bloc, cotation_falaise, voie_id) VALUES (546, NULL, '_6aPlus', 230);
INSERT INTO testdb.longueur (id, cotation_bloc, cotation_falaise, voie_id) VALUES (547, NULL, '_5b', 230);
INSERT INTO testdb.longueur (id, cotation_bloc, cotation_falaise, voie_id) VALUES (548, NULL, '_5c', 231);
INSERT INTO testdb.longueur (id, cotation_bloc, cotation_falaise, voie_id) VALUES (549, NULL, '_5c', 231);
INSERT INTO testdb.longueur (id, cotation_bloc, cotation_falaise, voie_id) VALUES (550, NULL, '_5b', 231);
INSERT INTO testdb.longueur (id, cotation_bloc, cotation_falaise, voie_id) VALUES (551, NULL, '_5a', 232);
INSERT INTO testdb.longueur (id, cotation_bloc, cotation_falaise, voie_id) VALUES (552, NULL, '_6aPlus', 232);
INSERT INTO testdb.longueur (id, cotation_bloc, cotation_falaise, voie_id) VALUES (553, NULL, '_5c', 232);
INSERT INTO testdb.longueur (id, cotation_bloc, cotation_falaise, voie_id) VALUES (554, NULL, '_5b', 232);
INSERT INTO testdb.longueur (id, cotation_bloc, cotation_falaise, voie_id) VALUES (555, NULL, '_6a', 232);
INSERT INTO testdb.longueur (id, cotation_bloc, cotation_falaise, voie_id) VALUES (556, NULL, '_5b', 232);
INSERT INTO testdb.longueur (id, cotation_bloc, cotation_falaise, voie_id) VALUES (557, NULL, '_6a', 233);
INSERT INTO testdb.longueur (id, cotation_bloc, cotation_falaise, voie_id) VALUES (558, NULL, '_6a', 233);
INSERT INTO testdb.longueur (id, cotation_bloc, cotation_falaise, voie_id) VALUES (559, NULL, '_6aPlus', 233);
INSERT INTO testdb.longueur (id, cotation_bloc, cotation_falaise, voie_id) VALUES (560, NULL, '_6a', 234);
INSERT INTO testdb.longueur (id, cotation_bloc, cotation_falaise, voie_id) VALUES (561, NULL, '_5c', 235);
INSERT INTO testdb.longueur (id, cotation_bloc, cotation_falaise, voie_id) VALUES (562, NULL, '_6aPlus', 235);
INSERT INTO testdb.longueur (id, cotation_bloc, cotation_falaise, voie_id) VALUES (563, NULL, '_5c', 236);
INSERT INTO testdb.longueur (id, cotation_bloc, cotation_falaise, voie_id) VALUES (564, NULL, '_6b', 236);
INSERT INTO testdb.longueur (id, cotation_bloc, cotation_falaise, voie_id) VALUES (565, NULL, '_6a', 236);
INSERT INTO testdb.longueur (id, cotation_bloc, cotation_falaise, voie_id) VALUES (566, NULL, '_6a', 237);
INSERT INTO testdb.longueur (id, cotation_bloc, cotation_falaise, voie_id) VALUES (567, NULL, '_5c', 237);
INSERT INTO testdb.longueur (id, cotation_bloc, cotation_falaise, voie_id) VALUES (568, NULL, '_6aPlus', 238);
INSERT INTO testdb.longueur (id, cotation_bloc, cotation_falaise, voie_id) VALUES (569, NULL, '_6a', 238);
INSERT INTO testdb.longueur (id, cotation_bloc, cotation_falaise, voie_id) VALUES (570, NULL, '_6a', 238);
INSERT INTO testdb.longueur (id, cotation_bloc, cotation_falaise, voie_id) VALUES (571, NULL, '_6a', 239);
INSERT INTO testdb.longueur (id, cotation_bloc, cotation_falaise, voie_id) VALUES (572, NULL, '_5c', 240);
INSERT INTO testdb.longueur (id, cotation_bloc, cotation_falaise, voie_id) VALUES (573, NULL, '_6aPlus', 240);
INSERT INTO testdb.longueur (id, cotation_bloc, cotation_falaise, voie_id) VALUES (574, NULL, '_6a', 240);
INSERT INTO testdb.longueur (id, cotation_bloc, cotation_falaise, voie_id) VALUES (575, NULL, '_6aPlus', 241);
INSERT INTO testdb.longueur (id, cotation_bloc, cotation_falaise, voie_id) VALUES (576, NULL, '_6aPlus', 242);
INSERT INTO testdb.longueur (id, cotation_bloc, cotation_falaise, voie_id) VALUES (577, NULL, '_6b', 243);
INSERT INTO testdb.longueur (id, cotation_bloc, cotation_falaise, voie_id) VALUES (578, NULL, '_6a', 243);
INSERT INTO testdb.longueur (id, cotation_bloc, cotation_falaise, voie_id) VALUES (579, NULL, '_6aPlus', 243);
INSERT INTO testdb.longueur (id, cotation_bloc, cotation_falaise, voie_id) VALUES (580, NULL, '_6bPlus', 243);
INSERT INTO testdb.longueur (id, cotation_bloc, cotation_falaise, voie_id) VALUES (581, NULL, '_6bPlus', 244);
INSERT INTO testdb.longueur (id, cotation_bloc, cotation_falaise, voie_id) VALUES (582, NULL, '_5c', 244);
INSERT INTO testdb.longueur (id, cotation_bloc, cotation_falaise, voie_id) VALUES (583, NULL, '_6aPlus', 244);
INSERT INTO testdb.longueur (id, cotation_bloc, cotation_falaise, voie_id) VALUES (584, NULL, '_6aPlus', 245);
INSERT INTO testdb.longueur (id, cotation_bloc, cotation_falaise, voie_id) VALUES (585, NULL, '_6aPlus', 246);
INSERT INTO testdb.longueur (id, cotation_bloc, cotation_falaise, voie_id) VALUES (586, NULL, '_6a', 246);
INSERT INTO testdb.longueur (id, cotation_bloc, cotation_falaise, voie_id) VALUES (587, NULL, '_6b', 246);
INSERT INTO testdb.longueur (id, cotation_bloc, cotation_falaise, voie_id) VALUES (588, NULL, '_6aPlus', 247);
INSERT INTO testdb.longueur (id, cotation_bloc, cotation_falaise, voie_id) VALUES (589, NULL, '_6a', 247);
INSERT INTO testdb.longueur (id, cotation_bloc, cotation_falaise, voie_id) VALUES (590, NULL, '_6bPlus', 247);
INSERT INTO testdb.longueur (id, cotation_bloc, cotation_falaise, voie_id) VALUES (591, NULL, '_6b', 247);
INSERT INTO testdb.longueur (id, cotation_bloc, cotation_falaise, voie_id) VALUES (592, NULL, '_6a', 247);
INSERT INTO testdb.longueur (id, cotation_bloc, cotation_falaise, voie_id) VALUES (593, NULL, '_6b', 248);
INSERT INTO testdb.longueur (id, cotation_bloc, cotation_falaise, voie_id) VALUES (594, NULL, '_6b', 248);
INSERT INTO testdb.longueur (id, cotation_bloc, cotation_falaise, voie_id) VALUES (595, NULL, '_6b', 248);
INSERT INTO testdb.longueur (id, cotation_bloc, cotation_falaise, voie_id) VALUES (596, NULL, '_6aPlus', 249);
INSERT INTO testdb.longueur (id, cotation_bloc, cotation_falaise, voie_id) VALUES (597, NULL, '_6bPlus', 249);
INSERT INTO testdb.longueur (id, cotation_bloc, cotation_falaise, voie_id) VALUES (598, NULL, '_6b', 249);
INSERT INTO testdb.longueur (id, cotation_bloc, cotation_falaise, voie_id) VALUES (599, NULL, '_6aPlus', 250);
INSERT INTO testdb.longueur (id, cotation_bloc, cotation_falaise, voie_id) VALUES (600, NULL, '_6bPlus', 250);
INSERT INTO testdb.longueur (id, cotation_bloc, cotation_falaise, voie_id) VALUES (601, NULL, '_6b', 250);
INSERT INTO testdb.longueur (id, cotation_bloc, cotation_falaise, voie_id) VALUES (602, NULL, '_6a', 251);
INSERT INTO testdb.longueur (id, cotation_bloc, cotation_falaise, voie_id) VALUES (603, NULL, '_6c', 251);
INSERT INTO testdb.longueur (id, cotation_bloc, cotation_falaise, voie_id) VALUES (604, NULL, '_6b', 251);
INSERT INTO testdb.longueur (id, cotation_bloc, cotation_falaise, voie_id) VALUES (605, NULL, '_6b', 252);
INSERT INTO testdb.longueur (id, cotation_bloc, cotation_falaise, voie_id) VALUES (606, NULL, '_6aPlus', 252);
INSERT INTO testdb.longueur (id, cotation_bloc, cotation_falaise, voie_id) VALUES (607, NULL, '_6bPlus', 253);
INSERT INTO testdb.longueur (id, cotation_bloc, cotation_falaise, voie_id) VALUES (608, NULL, '_6b', 253);
INSERT INTO testdb.longueur (id, cotation_bloc, cotation_falaise, voie_id) VALUES (609, NULL, '_6b', 254);
INSERT INTO testdb.longueur (id, cotation_bloc, cotation_falaise, voie_id) VALUES (610, NULL, '_6b', 255);
INSERT INTO testdb.longueur (id, cotation_bloc, cotation_falaise, voie_id) VALUES (611, NULL, '_6bPlus', 256);
INSERT INTO testdb.longueur (id, cotation_bloc, cotation_falaise, voie_id) VALUES (612, NULL, '_6bPlus', 256);
INSERT INTO testdb.longueur (id, cotation_bloc, cotation_falaise, voie_id) VALUES (613, NULL, '_6bPlus', 257);
INSERT INTO testdb.longueur (id, cotation_bloc, cotation_falaise, voie_id) VALUES (614, NULL, '_6c', 257);
INSERT INTO testdb.longueur (id, cotation_bloc, cotation_falaise, voie_id) VALUES (615, NULL, '_6b', 258);
INSERT INTO testdb.longueur (id, cotation_bloc, cotation_falaise, voie_id) VALUES (616, NULL, '_6bPlus', 258);
INSERT INTO testdb.longueur (id, cotation_bloc, cotation_falaise, voie_id) VALUES (617, NULL, '_6b', 259);
INSERT INTO testdb.longueur (id, cotation_bloc, cotation_falaise, voie_id) VALUES (618, NULL, '_6bPlus', 259);
INSERT INTO testdb.longueur (id, cotation_bloc, cotation_falaise, voie_id) VALUES (619, NULL, '_6aPlus', 259);
INSERT INTO testdb.longueur (id, cotation_bloc, cotation_falaise, voie_id) VALUES (620, NULL, '_6b', 260);
INSERT INTO testdb.longueur (id, cotation_bloc, cotation_falaise, voie_id) VALUES (621, NULL, '_6a', 260);
INSERT INTO testdb.longueur (id, cotation_bloc, cotation_falaise, voie_id) VALUES (622, NULL, '_6c', 260);
INSERT INTO testdb.longueur (id, cotation_bloc, cotation_falaise, voie_id) VALUES (623, NULL, '_6bPlus', 261);
INSERT INTO testdb.longueur (id, cotation_bloc, cotation_falaise, voie_id) VALUES (624, NULL, '_6aPlus', 261);
INSERT INTO testdb.longueur (id, cotation_bloc, cotation_falaise, voie_id) VALUES (625, NULL, '_6cPlus', 261);
INSERT INTO testdb.longueur (id, cotation_bloc, cotation_falaise, voie_id) VALUES (626, NULL, '_6aPlus', 262);
INSERT INTO testdb.longueur (id, cotation_bloc, cotation_falaise, voie_id) VALUES (627, NULL, '_6bPlus', 262);
INSERT INTO testdb.longueur (id, cotation_bloc, cotation_falaise, voie_id) VALUES (628, NULL, '_6b', 262);
INSERT INTO testdb.longueur (id, cotation_bloc, cotation_falaise, voie_id) VALUES (629, NULL, '_6bPlus', 263);
INSERT INTO testdb.longueur (id, cotation_bloc, cotation_falaise, voie_id) VALUES (630, NULL, '_6bPlus', 263);
INSERT INTO testdb.longueur (id, cotation_bloc, cotation_falaise, voie_id) VALUES (631, NULL, '_6bPlus', 263);
INSERT INTO testdb.longueur (id, cotation_bloc, cotation_falaise, voie_id) VALUES (632, NULL, '_6bPlus', 264);
INSERT INTO testdb.longueur (id, cotation_bloc, cotation_falaise, voie_id) VALUES (633, NULL, '_6bPlus', 265);
INSERT INTO testdb.longueur (id, cotation_bloc, cotation_falaise, voie_id) VALUES (634, NULL, '_6b', 266);
INSERT INTO testdb.longueur (id, cotation_bloc, cotation_falaise, voie_id) VALUES (635, NULL, '_6c', 266);
INSERT INTO testdb.longueur (id, cotation_bloc, cotation_falaise, voie_id) VALUES (636, NULL, '_6bPlus', 267);
INSERT INTO testdb.longueur (id, cotation_bloc, cotation_falaise, voie_id) VALUES (637, NULL, '_6b', 267);
INSERT INTO testdb.longueur (id, cotation_bloc, cotation_falaise, voie_id) VALUES (638, NULL, '_6bPlus', 268);
INSERT INTO testdb.longueur (id, cotation_bloc, cotation_falaise, voie_id) VALUES (639, NULL, '_6c', 268);
INSERT INTO testdb.longueur (id, cotation_bloc, cotation_falaise, voie_id) VALUES (640, NULL, '_6bPlus', 269);
INSERT INTO testdb.longueur (id, cotation_bloc, cotation_falaise, voie_id) VALUES (641, NULL, '_6aPlus', 269);
INSERT INTO testdb.longueur (id, cotation_bloc, cotation_falaise, voie_id) VALUES (642, NULL, '_6cPlus', 269);
INSERT INTO testdb.longueur (id, cotation_bloc, cotation_falaise, voie_id) VALUES (643, NULL, '_6bPlus', 269);
INSERT INTO testdb.longueur (id, cotation_bloc, cotation_falaise, voie_id) VALUES (644, NULL, '_6bPlus', 270);
INSERT INTO testdb.longueur (id, cotation_bloc, cotation_falaise, voie_id) VALUES (645, NULL, '_6b', 270);
INSERT INTO testdb.longueur (id, cotation_bloc, cotation_falaise, voie_id) VALUES (646, NULL, '_6bPlus', 271);
INSERT INTO testdb.longueur (id, cotation_bloc, cotation_falaise, voie_id) VALUES (647, NULL, '_6c', 272);
INSERT INTO testdb.longueur (id, cotation_bloc, cotation_falaise, voie_id) VALUES (648, NULL, '_6c', 272);
INSERT INTO testdb.longueur (id, cotation_bloc, cotation_falaise, voie_id) VALUES (649, NULL, '_6cPlus', 273);
INSERT INTO testdb.longueur (id, cotation_bloc, cotation_falaise, voie_id) VALUES (650, NULL, '_6c', 273);
INSERT INTO testdb.longueur (id, cotation_bloc, cotation_falaise, voie_id) VALUES (651, NULL, '_6c', 274);
INSERT INTO testdb.longueur (id, cotation_bloc, cotation_falaise, voie_id) VALUES (652, NULL, '_6bPlus', 274);
INSERT INTO testdb.longueur (id, cotation_bloc, cotation_falaise, voie_id) VALUES (653, NULL, '_6c', 275);
INSERT INTO testdb.longueur (id, cotation_bloc, cotation_falaise, voie_id) VALUES (654, NULL, '_6bPlus', 275);
INSERT INTO testdb.longueur (id, cotation_bloc, cotation_falaise, voie_id) VALUES (655, NULL, '_6bPlus', 276);
INSERT INTO testdb.longueur (id, cotation_bloc, cotation_falaise, voie_id) VALUES (656, NULL, '_6cPlus', 276);
INSERT INTO testdb.longueur (id, cotation_bloc, cotation_falaise, voie_id) VALUES (657, NULL, '_6c', 277);
INSERT INTO testdb.longueur (id, cotation_bloc, cotation_falaise, voie_id) VALUES (658, NULL, '_6c', 277);
INSERT INTO testdb.longueur (id, cotation_bloc, cotation_falaise, voie_id) VALUES (659, NULL, '_7a', 278);
INSERT INTO testdb.longueur (id, cotation_bloc, cotation_falaise, voie_id) VALUES (660, NULL, '_6b', 278);
INSERT INTO testdb.longueur (id, cotation_bloc, cotation_falaise, voie_id) VALUES (661, NULL, '_6c', 279);
INSERT INTO testdb.longueur (id, cotation_bloc, cotation_falaise, voie_id) VALUES (662, NULL, '_6cPlus', 279);
INSERT INTO testdb.longueur (id, cotation_bloc, cotation_falaise, voie_id) VALUES (663, NULL, '_6c', 280);
INSERT INTO testdb.longueur (id, cotation_bloc, cotation_falaise, voie_id) VALUES (664, NULL, '_6bPlus', 280);
INSERT INTO testdb.longueur (id, cotation_bloc, cotation_falaise, voie_id) VALUES (665, NULL, '_6cPlus', 281);
INSERT INTO testdb.longueur (id, cotation_bloc, cotation_falaise, voie_id) VALUES (666, NULL, '_6cPlus', 281);
INSERT INTO testdb.longueur (id, cotation_bloc, cotation_falaise, voie_id) VALUES (667, NULL, '_6c', 281);
INSERT INTO testdb.longueur (id, cotation_bloc, cotation_falaise, voie_id) VALUES (668, NULL, '_6c', 282);
INSERT INTO testdb.longueur (id, cotation_bloc, cotation_falaise, voie_id) VALUES (669, NULL, '_7a', 282);
INSERT INTO testdb.longueur (id, cotation_bloc, cotation_falaise, voie_id) VALUES (670, NULL, '_6cPlus', 282);
INSERT INTO testdb.longueur (id, cotation_bloc, cotation_falaise, voie_id) VALUES (671, NULL, '_7a', 283);
INSERT INTO testdb.longueur (id, cotation_bloc, cotation_falaise, voie_id) VALUES (672, NULL, '_6b', 283);
INSERT INTO testdb.longueur (id, cotation_bloc, cotation_falaise, voie_id) VALUES (673, NULL, '_7aPlus', 283);
INSERT INTO testdb.longueur (id, cotation_bloc, cotation_falaise, voie_id) VALUES (674, NULL, '_7a', 284);
INSERT INTO testdb.longueur (id, cotation_bloc, cotation_falaise, voie_id) VALUES (675, NULL, '_6c', 284);
INSERT INTO testdb.longueur (id, cotation_bloc, cotation_falaise, voie_id) VALUES (676, NULL, '_6cPlus', 284);
INSERT INTO testdb.longueur (id, cotation_bloc, cotation_falaise, voie_id) VALUES (677, NULL, '_7a', 285);
INSERT INTO testdb.longueur (id, cotation_bloc, cotation_falaise, voie_id) VALUES (678, NULL, '_7aPlus', 285);
INSERT INTO testdb.longueur (id, cotation_bloc, cotation_falaise, voie_id) VALUES (679, NULL, '_6bPlus', 285);
INSERT INTO testdb.longueur (id, cotation_bloc, cotation_falaise, voie_id) VALUES (680, NULL, '_7aPlus', 286);
INSERT INTO testdb.longueur (id, cotation_bloc, cotation_falaise, voie_id) VALUES (681, NULL, '_6cPlus', 286);
INSERT INTO testdb.longueur (id, cotation_bloc, cotation_falaise, voie_id) VALUES (682, NULL, '_6cPlus', 286);
INSERT INTO testdb.longueur (id, cotation_bloc, cotation_falaise, voie_id) VALUES (683, NULL, '_7a', 287);
INSERT INTO testdb.longueur (id, cotation_bloc, cotation_falaise, voie_id) VALUES (684, NULL, '_7aPlus', 287);
INSERT INTO testdb.longueur (id, cotation_bloc, cotation_falaise, voie_id) VALUES (685, NULL, '_7a', 288);
INSERT INTO testdb.longueur (id, cotation_bloc, cotation_falaise, voie_id) VALUES (686, NULL, '_6cPlus', 288);
INSERT INTO testdb.longueur (id, cotation_bloc, cotation_falaise, voie_id) VALUES (687, NULL, '_7a', 289);
INSERT INTO testdb.longueur (id, cotation_bloc, cotation_falaise, voie_id) VALUES (688, NULL, '_7a', 289);
INSERT INTO testdb.longueur (id, cotation_bloc, cotation_falaise, voie_id) VALUES (689, NULL, '_6cPlus', 289);
INSERT INTO testdb.longueur (id, cotation_bloc, cotation_falaise, voie_id) VALUES (690, NULL, '_7a', 290);
INSERT INTO testdb.longueur (id, cotation_bloc, cotation_falaise, voie_id) VALUES (691, NULL, '_7aPlus', 290);
INSERT INTO testdb.longueur (id, cotation_bloc, cotation_falaise, voie_id) VALUES (692, NULL, '_7a', 291);
INSERT INTO testdb.longueur (id, cotation_bloc, cotation_falaise, voie_id) VALUES (693, NULL, '_7a', 291);
INSERT INTO testdb.longueur (id, cotation_bloc, cotation_falaise, voie_id) VALUES (694, NULL, '_6c', 291);
INSERT INTO testdb.longueur (id, cotation_bloc, cotation_falaise, voie_id) VALUES (695, NULL, '_7b', 291);
INSERT INTO testdb.longueur (id, cotation_bloc, cotation_falaise, voie_id) VALUES (696, NULL, '_7a', 292);
INSERT INTO testdb.longueur (id, cotation_bloc, cotation_falaise, voie_id) VALUES (697, NULL, '_6cPlus', 292);
INSERT INTO testdb.longueur (id, cotation_bloc, cotation_falaise, voie_id) VALUES (698, NULL, '_7aPlus', 292);
INSERT INTO testdb.longueur (id, cotation_bloc, cotation_falaise, voie_id) VALUES (699, NULL, '_7a', 293);
INSERT INTO testdb.longueur (id, cotation_bloc, cotation_falaise, voie_id) VALUES (700, NULL, '_6cPlus', 293);
INSERT INTO testdb.longueur (id, cotation_bloc, cotation_falaise, voie_id) VALUES (701, NULL, '_7b', 294);
INSERT INTO testdb.longueur (id, cotation_bloc, cotation_falaise, voie_id) VALUES (702, NULL, '_7a', 294);
INSERT INTO testdb.longueur (id, cotation_bloc, cotation_falaise, voie_id) VALUES (703, NULL, '_7aPlus', 294);
INSERT INTO testdb.longueur (id, cotation_bloc, cotation_falaise, voie_id) VALUES (704, NULL, '_7aPlus', 295);
INSERT INTO testdb.longueur (id, cotation_bloc, cotation_falaise, voie_id) VALUES (705, NULL, '_7a', 295);
INSERT INTO testdb.longueur (id, cotation_bloc, cotation_falaise, voie_id) VALUES (706, NULL, '_7a', 295);
INSERT INTO testdb.longueur (id, cotation_bloc, cotation_falaise, voie_id) VALUES (707, NULL, '_7b', 296);
INSERT INTO testdb.longueur (id, cotation_bloc, cotation_falaise, voie_id) VALUES (708, NULL, '_7aPlus', 296);
INSERT INTO testdb.longueur (id, cotation_bloc, cotation_falaise, voie_id) VALUES (709, NULL, '_7a', 297);
INSERT INTO testdb.longueur (id, cotation_bloc, cotation_falaise, voie_id) VALUES (710, NULL, '_7b', 297);
INSERT INTO testdb.longueur (id, cotation_bloc, cotation_falaise, voie_id) VALUES (711, NULL, '_7aPlus', 298);
INSERT INTO testdb.longueur (id, cotation_bloc, cotation_falaise, voie_id) VALUES (712, NULL, '_7aPlus', 298);
INSERT INTO testdb.longueur (id, cotation_bloc, cotation_falaise, voie_id) VALUES (713, NULL, '_7aPlus', 299);
INSERT INTO testdb.longueur (id, cotation_bloc, cotation_falaise, voie_id) VALUES (714, NULL, '_7a', 299);
INSERT INTO testdb.longueur (id, cotation_bloc, cotation_falaise, voie_id) VALUES (715, NULL, '_7b', 300);
INSERT INTO testdb.longueur (id, cotation_bloc, cotation_falaise, voie_id) VALUES (716, NULL, '_7a', 300);
INSERT INTO testdb.longueur (id, cotation_bloc, cotation_falaise, voie_id) VALUES (717, NULL, '_7aPlus', 301);
INSERT INTO testdb.longueur (id, cotation_bloc, cotation_falaise, voie_id) VALUES (718, NULL, '_7b', 301);
INSERT INTO testdb.longueur (id, cotation_bloc, cotation_falaise, voie_id) VALUES (719, NULL, '_7b', 302);
INSERT INTO testdb.longueur (id, cotation_bloc, cotation_falaise, voie_id) VALUES (720, NULL, '_7b', 302);
INSERT INTO testdb.longueur (id, cotation_bloc, cotation_falaise, voie_id) VALUES (721, NULL, '_7aPlus', 303);
INSERT INTO testdb.longueur (id, cotation_bloc, cotation_falaise, voie_id) VALUES (722, NULL, '_7bPlus', 303);
INSERT INTO testdb.longueur (id, cotation_bloc, cotation_falaise, voie_id) VALUES (723, NULL, '_7aPlus', 304);
INSERT INTO testdb.longueur (id, cotation_bloc, cotation_falaise, voie_id) VALUES (724, NULL, '_7b', 304);
INSERT INTO testdb.longueur (id, cotation_bloc, cotation_falaise, voie_id) VALUES (725, NULL, '_7b', 305);
INSERT INTO testdb.longueur (id, cotation_bloc, cotation_falaise, voie_id) VALUES (726, NULL, '_7bPlus', 305);
INSERT INTO testdb.longueur (id, cotation_bloc, cotation_falaise, voie_id) VALUES (727, NULL, '_7aPlus', 306);
INSERT INTO testdb.longueur (id, cotation_bloc, cotation_falaise, voie_id) VALUES (728, NULL, '_7b', 306);
INSERT INTO testdb.longueur (id, cotation_bloc, cotation_falaise, voie_id) VALUES (729, NULL, '_7bPlus', 306);
INSERT INTO testdb.longueur (id, cotation_bloc, cotation_falaise, voie_id) VALUES (730, NULL, '_7b', 306);
INSERT INTO testdb.longueur (id, cotation_bloc, cotation_falaise, voie_id) VALUES (731, NULL, '_7bPlus', 307);
INSERT INTO testdb.longueur (id, cotation_bloc, cotation_falaise, voie_id) VALUES (732, NULL, '_7b', 307);
INSERT INTO testdb.longueur (id, cotation_bloc, cotation_falaise, voie_id) VALUES (733, NULL, '_7aPlus', 308);
INSERT INTO testdb.longueur (id, cotation_bloc, cotation_falaise, voie_id) VALUES (734, NULL, '_7b', 308);
INSERT INTO testdb.longueur (id, cotation_bloc, cotation_falaise, voie_id) VALUES (735, NULL, '_7b', 309);
INSERT INTO testdb.longueur (id, cotation_bloc, cotation_falaise, voie_id) VALUES (736, NULL, '_7b', 310);
INSERT INTO testdb.longueur (id, cotation_bloc, cotation_falaise, voie_id) VALUES (737, NULL, '_7bPlus', 311);
INSERT INTO testdb.longueur (id, cotation_bloc, cotation_falaise, voie_id) VALUES (738, NULL, '_7b', 311);
INSERT INTO testdb.longueur (id, cotation_bloc, cotation_falaise, voie_id) VALUES (739, NULL, '_7c', 312);
INSERT INTO testdb.longueur (id, cotation_bloc, cotation_falaise, voie_id) VALUES (740, NULL, '_7bPlus', 312);
INSERT INTO testdb.longueur (id, cotation_bloc, cotation_falaise, voie_id) VALUES (741, NULL, '_7bPlus', 312);
INSERT INTO testdb.longueur (id, cotation_bloc, cotation_falaise, voie_id) VALUES (742, NULL, '_7bPlus', 313);
INSERT INTO testdb.longueur (id, cotation_bloc, cotation_falaise, voie_id) VALUES (743, NULL, '_7b', 313);
INSERT INTO testdb.longueur (id, cotation_bloc, cotation_falaise, voie_id) VALUES (744, NULL, '_7c', 313);
INSERT INTO testdb.longueur (id, cotation_bloc, cotation_falaise, voie_id) VALUES (745, NULL, '_7cPlus', 314);
INSERT INTO testdb.longueur (id, cotation_bloc, cotation_falaise, voie_id) VALUES (746, NULL, '_7aPlus', 314);
INSERT INTO testdb.longueur (id, cotation_bloc, cotation_falaise, voie_id) VALUES (747, NULL, '_7bPlus', 314);
INSERT INTO testdb.longueur (id, cotation_bloc, cotation_falaise, voie_id) VALUES (748, NULL, '_7bPlus', 315);
INSERT INTO testdb.longueur (id, cotation_bloc, cotation_falaise, voie_id) VALUES (749, NULL, '_7aPlus', 316);
INSERT INTO testdb.longueur (id, cotation_bloc, cotation_falaise, voie_id) VALUES (750, NULL, '_7cPlus', 316);
INSERT INTO testdb.longueur (id, cotation_bloc, cotation_falaise, voie_id) VALUES (751, NULL, '_7b', 317);
INSERT INTO testdb.longueur (id, cotation_bloc, cotation_falaise, voie_id) VALUES (752, NULL, '_7c', 317);
INSERT INTO testdb.longueur (id, cotation_bloc, cotation_falaise, voie_id) VALUES (753, NULL, '_7bPlus', 318);
INSERT INTO testdb.longueur (id, cotation_bloc, cotation_falaise, voie_id) VALUES (754, NULL, '_7bPlus', 319);
INSERT INTO testdb.longueur (id, cotation_bloc, cotation_falaise, voie_id) VALUES (755, NULL, '_7c', 320);
INSERT INTO testdb.longueur (id, cotation_bloc, cotation_falaise, voie_id) VALUES (756, NULL, '_7c', 320);
INSERT INTO testdb.longueur (id, cotation_bloc, cotation_falaise, voie_id) VALUES (757, NULL, '_7bPlus', 320);
INSERT INTO testdb.longueur (id, cotation_bloc, cotation_falaise, voie_id) VALUES (758, NULL, '_7c', 321);
INSERT INTO testdb.longueur (id, cotation_bloc, cotation_falaise, voie_id) VALUES (759, NULL, '_7cPlus', 321);
INSERT INTO testdb.longueur (id, cotation_bloc, cotation_falaise, voie_id) VALUES (760, NULL, '_7bPlus', 321);
INSERT INTO testdb.longueur (id, cotation_bloc, cotation_falaise, voie_id) VALUES (761, NULL, '_7c', 322);
INSERT INTO testdb.longueur (id, cotation_bloc, cotation_falaise, voie_id) VALUES (762, NULL, '_7c', 322);
INSERT INTO testdb.longueur (id, cotation_bloc, cotation_falaise, voie_id) VALUES (763, NULL, '_7c', 323);
INSERT INTO testdb.longueur (id, cotation_bloc, cotation_falaise, voie_id) VALUES (764, NULL, '_7cPlus', 324);
INSERT INTO testdb.longueur (id, cotation_bloc, cotation_falaise, voie_id) VALUES (765, NULL, '_7bPlus', 324);
INSERT INTO testdb.longueur (id, cotation_bloc, cotation_falaise, voie_id) VALUES (766, NULL, '_7bPlus', 324);
INSERT INTO testdb.longueur (id, cotation_bloc, cotation_falaise, voie_id) VALUES (767, NULL, '_7c', 325);
INSERT INTO testdb.longueur (id, cotation_bloc, cotation_falaise, voie_id) VALUES (768, NULL, '_7c', 325);
INSERT INTO testdb.longueur (id, cotation_bloc, cotation_falaise, voie_id) VALUES (769, NULL, '_7cPlus', 326);
INSERT INTO testdb.longueur (id, cotation_bloc, cotation_falaise, voie_id) VALUES (770, NULL, '_7bPlus', 326);
INSERT INTO testdb.longueur (id, cotation_bloc, cotation_falaise, voie_id) VALUES (771, NULL, '_7bPlus', 326);
INSERT INTO testdb.longueur (id, cotation_bloc, cotation_falaise, voie_id) VALUES (772, NULL, '_7c', 326);
INSERT INTO testdb.longueur (id, cotation_bloc, cotation_falaise, voie_id) VALUES (773, NULL, '_7cPlus', 327);
INSERT INTO testdb.longueur (id, cotation_bloc, cotation_falaise, voie_id) VALUES (774, NULL, '_7cPlus', 327);
INSERT INTO testdb.longueur (id, cotation_bloc, cotation_falaise, voie_id) VALUES (775, NULL, '_7cPlus', 327);
INSERT INTO testdb.longueur (id, cotation_bloc, cotation_falaise, voie_id) VALUES (776, NULL, '_7bPlus', 327);
INSERT INTO testdb.longueur (id, cotation_bloc, cotation_falaise, voie_id) VALUES (777, NULL, '_7c', 328);
INSERT INTO testdb.longueur (id, cotation_bloc, cotation_falaise, voie_id) VALUES (778, NULL, '_7cPlus', 329);
INSERT INTO testdb.longueur (id, cotation_bloc, cotation_falaise, voie_id) VALUES (779, NULL, '_7bPlus', 329);
INSERT INTO testdb.longueur (id, cotation_bloc, cotation_falaise, voie_id) VALUES (780, NULL, '_7cPlus', 329);
INSERT INTO testdb.longueur (id, cotation_bloc, cotation_falaise, voie_id) VALUES (781, NULL, '_7bPlus', 329);
INSERT INTO testdb.longueur (id, cotation_bloc, cotation_falaise, voie_id) VALUES (782, NULL, '_7cPlus', 330);
INSERT INTO testdb.longueur (id, cotation_bloc, cotation_falaise, voie_id) VALUES (783, NULL, '_7c', 331);
INSERT INTO testdb.longueur (id, cotation_bloc, cotation_falaise, voie_id) VALUES (784, NULL, '_7cPlus', 331);
INSERT INTO testdb.longueur (id, cotation_bloc, cotation_falaise, voie_id) VALUES (785, NULL, '_8a', 332);
INSERT INTO testdb.longueur (id, cotation_bloc, cotation_falaise, voie_id) VALUES (786, NULL, '_7cPlus', 332);
INSERT INTO testdb.longueur (id, cotation_bloc, cotation_falaise, voie_id) VALUES (787, NULL, '_7cPlus', 332);
INSERT INTO testdb.longueur (id, cotation_bloc, cotation_falaise, voie_id) VALUES (788, NULL, '_7cPlus', 333);
INSERT INTO testdb.longueur (id, cotation_bloc, cotation_falaise, voie_id) VALUES (789, NULL, '_7cPlus', 333);
INSERT INTO testdb.longueur (id, cotation_bloc, cotation_falaise, voie_id) VALUES (790, NULL, '_7bPlus', 333);
INSERT INTO testdb.longueur (id, cotation_bloc, cotation_falaise, voie_id) VALUES (791, NULL, '_8a', 334);
INSERT INTO testdb.longueur (id, cotation_bloc, cotation_falaise, voie_id) VALUES (792, NULL, '_8a', 335);
INSERT INTO testdb.longueur (id, cotation_bloc, cotation_falaise, voie_id) VALUES (793, NULL, '_8a', 336);
INSERT INTO testdb.longueur (id, cotation_bloc, cotation_falaise, voie_id) VALUES (794, NULL, '_8a', 337);
INSERT INTO testdb.longueur (id, cotation_bloc, cotation_falaise, voie_id) VALUES (795, NULL, '_8a', 338);
INSERT INTO testdb.longueur (id, cotation_bloc, cotation_falaise, voie_id) VALUES (796, NULL, '_8a', 339);
INSERT INTO testdb.longueur (id, cotation_bloc, cotation_falaise, voie_id) VALUES (797, NULL, '_8a', 340);
INSERT INTO testdb.longueur (id, cotation_bloc, cotation_falaise, voie_id) VALUES (798, NULL, '_8a', 341);
INSERT INTO testdb.longueur (id, cotation_bloc, cotation_falaise, voie_id) VALUES (799, NULL, '_8a', 341);
INSERT INTO testdb.longueur (id, cotation_bloc, cotation_falaise, voie_id) VALUES (800, NULL, '_8aPlus', 341);
INSERT INTO testdb.longueur (id, cotation_bloc, cotation_falaise, voie_id) VALUES (801, NULL, '_8aPlus', 341);
INSERT INTO testdb.longueur (id, cotation_bloc, cotation_falaise, voie_id) VALUES (802, NULL, '_7c', 341);
INSERT INTO testdb.longueur (id, cotation_bloc, cotation_falaise, voie_id) VALUES (803, NULL, '_8a', 342);
INSERT INTO testdb.longueur (id, cotation_bloc, cotation_falaise, voie_id) VALUES (804, NULL, '_8a', 342);
INSERT INTO testdb.longueur (id, cotation_bloc, cotation_falaise, voie_id) VALUES (805, NULL, '_8aPlus', 342);
INSERT INTO testdb.longueur (id, cotation_bloc, cotation_falaise, voie_id) VALUES (806, NULL, '_7cPlus', 342);
INSERT INTO testdb.longueur (id, cotation_bloc, cotation_falaise, voie_id) VALUES (807, NULL, '_8a', 342);
INSERT INTO testdb.longueur (id, cotation_bloc, cotation_falaise, voie_id) VALUES (808, NULL, '_8a', 342);
INSERT INTO testdb.longueur (id, cotation_bloc, cotation_falaise, voie_id) VALUES (809, NULL, '_8aPlus', 343);
INSERT INTO testdb.longueur (id, cotation_bloc, cotation_falaise, voie_id) VALUES (810, NULL, '_8aPlus', 344);
INSERT INTO testdb.longueur (id, cotation_bloc, cotation_falaise, voie_id) VALUES (811, NULL, '_8b', 344);
INSERT INTO testdb.longueur (id, cotation_bloc, cotation_falaise, voie_id) VALUES (812, NULL, '_8a', 344);
INSERT INTO testdb.longueur (id, cotation_bloc, cotation_falaise, voie_id) VALUES (813, NULL, '_8aPlus', 344);
INSERT INTO testdb.longueur (id, cotation_bloc, cotation_falaise, voie_id) VALUES (814, NULL, '_8aPlus', 344);
INSERT INTO testdb.longueur (id, cotation_bloc, cotation_falaise, voie_id) VALUES (815, NULL, '_8aPlus', 345);
INSERT INTO testdb.longueur (id, cotation_bloc, cotation_falaise, voie_id) VALUES (816, NULL, '_8b', 345);
INSERT INTO testdb.longueur (id, cotation_bloc, cotation_falaise, voie_id) VALUES (817, NULL, '_8aPlus', 346);
INSERT INTO testdb.longueur (id, cotation_bloc, cotation_falaise, voie_id) VALUES (818, NULL, '_8aPlus', 346);
INSERT INTO testdb.longueur (id, cotation_bloc, cotation_falaise, voie_id) VALUES (819, NULL, '_8a', 346);
INSERT INTO testdb.longueur (id, cotation_bloc, cotation_falaise, voie_id) VALUES (820, NULL, '_8aPlus', 347);
INSERT INTO testdb.longueur (id, cotation_bloc, cotation_falaise, voie_id) VALUES (821, NULL, '_8b', 347);
INSERT INTO testdb.longueur (id, cotation_bloc, cotation_falaise, voie_id) VALUES (822, NULL, '_8aPlus', 348);
INSERT INTO testdb.longueur (id, cotation_bloc, cotation_falaise, voie_id) VALUES (823, NULL, '_8b', 348);
INSERT INTO testdb.longueur (id, cotation_bloc, cotation_falaise, voie_id) VALUES (824, NULL, '_8aPlus', 349);
INSERT INTO testdb.longueur (id, cotation_bloc, cotation_falaise, voie_id) VALUES (825, NULL, '_8b', 349);
INSERT INTO testdb.longueur (id, cotation_bloc, cotation_falaise, voie_id) VALUES (826, NULL, '_8aPlus', 350);
INSERT INTO testdb.longueur (id, cotation_bloc, cotation_falaise, voie_id) VALUES (827, NULL, '_8b', 351);
INSERT INTO testdb.longueur (id, cotation_bloc, cotation_falaise, voie_id) VALUES (828, NULL, '_8b', 351);
INSERT INTO testdb.longueur (id, cotation_bloc, cotation_falaise, voie_id) VALUES (829, NULL, '_8b', 352);
INSERT INTO testdb.longueur (id, cotation_bloc, cotation_falaise, voie_id) VALUES (830, NULL, '_8b', 353);
INSERT INTO testdb.longueur (id, cotation_bloc, cotation_falaise, voie_id) VALUES (831, NULL, '_8b', 353);
INSERT INTO testdb.longueur (id, cotation_bloc, cotation_falaise, voie_id) VALUES (832, NULL, '_8b', 354);
INSERT INTO testdb.longueur (id, cotation_bloc, cotation_falaise, voie_id) VALUES (833, NULL, '_8b', 354);
INSERT INTO testdb.longueur (id, cotation_bloc, cotation_falaise, voie_id) VALUES (834, NULL, '_8bPlus', 354);
INSERT INTO testdb.longueur (id, cotation_bloc, cotation_falaise, voie_id) VALUES (835, NULL, '_8b', 355);
INSERT INTO testdb.longueur (id, cotation_bloc, cotation_falaise, voie_id) VALUES (836, NULL, '_8bPlus', 355);
INSERT INTO testdb.longueur (id, cotation_bloc, cotation_falaise, voie_id) VALUES (837, NULL, '_8aPlus', 355);
INSERT INTO testdb.longueur (id, cotation_bloc, cotation_falaise, voie_id) VALUES (838, NULL, '_8b', 356);
INSERT INTO testdb.longueur (id, cotation_bloc, cotation_falaise, voie_id) VALUES (839, NULL, '_8aPlus', 356);
INSERT INTO testdb.longueur (id, cotation_bloc, cotation_falaise, voie_id) VALUES (840, NULL, '_8b', 357);
INSERT INTO testdb.longueur (id, cotation_bloc, cotation_falaise, voie_id) VALUES (841, NULL, '_8bPlus', 357);
INSERT INTO testdb.longueur (id, cotation_bloc, cotation_falaise, voie_id) VALUES (842, NULL, '_8b', 358);
INSERT INTO testdb.longueur (id, cotation_bloc, cotation_falaise, voie_id) VALUES (843, NULL, '_8b', 359);
INSERT INTO testdb.longueur (id, cotation_bloc, cotation_falaise, voie_id) VALUES (844, NULL, '_8b', 359);
INSERT INTO testdb.longueur (id, cotation_bloc, cotation_falaise, voie_id) VALUES (845, NULL, '_8bPlus', 360);
INSERT INTO testdb.longueur (id, cotation_bloc, cotation_falaise, voie_id) VALUES (846, NULL, '_8bPlus', 361);
INSERT INTO testdb.longueur (id, cotation_bloc, cotation_falaise, voie_id) VALUES (847, NULL, '_8bPlus', 361);
INSERT INTO testdb.longueur (id, cotation_bloc, cotation_falaise, voie_id) VALUES (848, NULL, '_8c', 361);
INSERT INTO testdb.longueur (id, cotation_bloc, cotation_falaise, voie_id) VALUES (849, NULL, '_8bPlus', 362);
INSERT INTO testdb.longueur (id, cotation_bloc, cotation_falaise, voie_id) VALUES (850, NULL, '_8c', 363);
INSERT INTO testdb.longueur (id, cotation_bloc, cotation_falaise, voie_id) VALUES (851, NULL, '_8c', 362);
INSERT INTO testdb.longueur (id, cotation_bloc, cotation_falaise, voie_id) VALUES (852, NULL, '_8bPlus', 364);
INSERT INTO testdb.longueur (id, cotation_bloc, cotation_falaise, voie_id) VALUES (853, NULL, '_8bPlus', 364);
INSERT INTO testdb.longueur (id, cotation_bloc, cotation_falaise, voie_id) VALUES (854, NULL, '_8cPlus', 364);
INSERT INTO testdb.longueur (id, cotation_bloc, cotation_falaise, voie_id) VALUES (855, NULL, '_8b', 364);
INSERT INTO testdb.longueur (id, cotation_bloc, cotation_falaise, voie_id) VALUES (856, NULL, '_8bPlus', 365);
INSERT INTO testdb.longueur (id, cotation_bloc, cotation_falaise, voie_id) VALUES (857, NULL, '_8c', 365);
INSERT INTO testdb.longueur (id, cotation_bloc, cotation_falaise, voie_id) VALUES (858, NULL, '_8bPlus', 363);
INSERT INTO testdb.longueur (id, cotation_bloc, cotation_falaise, voie_id) VALUES (859, NULL, '_8bPlus', 363);
INSERT INTO testdb.longueur (id, cotation_bloc, cotation_falaise, voie_id) VALUES (860, NULL, '_8bPlus', 363);
INSERT INTO testdb.longueur (id, cotation_bloc, cotation_falaise, voie_id) VALUES (861, NULL, '_8c', 363);
INSERT INTO testdb.longueur (id, cotation_bloc, cotation_falaise, voie_id) VALUES (862, NULL, '_8bPlus', 363);
INSERT INTO testdb.longueur (id, cotation_bloc, cotation_falaise, voie_id) VALUES (863, NULL, '_8c', 366);
INSERT INTO testdb.longueur (id, cotation_bloc, cotation_falaise, voie_id) VALUES (864, NULL, '_8c', 366);
INSERT INTO testdb.longueur (id, cotation_bloc, cotation_falaise, voie_id) VALUES (865, NULL, '_8c', 366);
INSERT INTO testdb.longueur (id, cotation_bloc, cotation_falaise, voie_id) VALUES (866, NULL, '_8c', 367);
INSERT INTO testdb.longueur (id, cotation_bloc, cotation_falaise, voie_id) VALUES (867, NULL, '_8c', 367);
INSERT INTO testdb.longueur (id, cotation_bloc, cotation_falaise, voie_id) VALUES (868, NULL, '_8cPlus', 367);
INSERT INTO testdb.longueur (id, cotation_bloc, cotation_falaise, voie_id) VALUES (869, NULL, '_8c', 368);
INSERT INTO testdb.longueur (id, cotation_bloc, cotation_falaise, voie_id) VALUES (870, NULL, '_8bPlus', 368);
INSERT INTO testdb.longueur (id, cotation_bloc, cotation_falaise, voie_id) VALUES (871, NULL, '_8c', 369);
INSERT INTO testdb.longueur (id, cotation_bloc, cotation_falaise, voie_id) VALUES (872, NULL, '_8cPlus', 369);
INSERT INTO testdb.longueur (id, cotation_bloc, cotation_falaise, voie_id) VALUES (873, NULL, '_8c', 370);
INSERT INTO testdb.longueur (id, cotation_bloc, cotation_falaise, voie_id) VALUES (874, NULL, '_8b', 370);
INSERT INTO testdb.longueur (id, cotation_bloc, cotation_falaise, voie_id) VALUES (875, NULL, '_9a', 370);
INSERT INTO testdb.longueur (id, cotation_bloc, cotation_falaise, voie_id) VALUES (876, NULL, '_8c', 371);
INSERT INTO testdb.longueur (id, cotation_bloc, cotation_falaise, voie_id) VALUES (877, NULL, '_8c', 371);
INSERT INTO testdb.longueur (id, cotation_bloc, cotation_falaise, voie_id) VALUES (878, NULL, '_8c', 372);
INSERT INTO testdb.longueur (id, cotation_bloc, cotation_falaise, voie_id) VALUES (879, NULL, '_8cPlus', 372);
INSERT INTO testdb.longueur (id, cotation_bloc, cotation_falaise, voie_id) VALUES (880, NULL, '_8bPlus', 372);
INSERT INTO testdb.longueur (id, cotation_bloc, cotation_falaise, voie_id) VALUES (881, NULL, '_9a', 373);
INSERT INTO testdb.longueur (id, cotation_bloc, cotation_falaise, voie_id) VALUES (882, NULL, '_9aPlus', 373);
INSERT INTO testdb.longueur (id, cotation_bloc, cotation_falaise, voie_id) VALUES (883, NULL, '_8cPlus', 374);
INSERT INTO testdb.longueur (id, cotation_bloc, cotation_falaise, voie_id) VALUES (884, NULL, '_9aPlus', 374);
INSERT INTO testdb.longueur (id, cotation_bloc, cotation_falaise, voie_id) VALUES (885, NULL, '_9aPlus', 375);
INSERT INTO testdb.longueur (id, cotation_bloc, cotation_falaise, voie_id) VALUES (886, NULL, '_9a', 375);
INSERT INTO testdb.longueur (id, cotation_bloc, cotation_falaise, voie_id) VALUES (887, NULL, '_8c', 376);
INSERT INTO testdb.longueur (id, cotation_bloc, cotation_falaise, voie_id) VALUES (888, NULL, '_8cPlus', 376);
INSERT INTO testdb.longueur (id, cotation_bloc, cotation_falaise, voie_id) VALUES (889, NULL, '_9a', 377);
INSERT INTO testdb.longueur (id, cotation_bloc, cotation_falaise, voie_id) VALUES (890, NULL, '_9aPlus', 377);
INSERT INTO testdb.longueur (id, cotation_bloc, cotation_falaise, voie_id) VALUES (891, NULL, '_9aPlus', 378);
INSERT INTO testdb.longueur (id, cotation_bloc, cotation_falaise, voie_id) VALUES (892, NULL, '_9a', 378);
INSERT INTO testdb.longueur (id, cotation_bloc, cotation_falaise, voie_id) VALUES (893, NULL, '_9aPlus', 379);
INSERT INTO testdb.longueur (id, cotation_bloc, cotation_falaise, voie_id) VALUES (894, NULL, '_8cPlus', 379);
INSERT INTO testdb.longueur (id, cotation_bloc, cotation_falaise, voie_id) VALUES (895, NULL, '_9a', 380);
INSERT INTO testdb.longueur (id, cotation_bloc, cotation_falaise, voie_id) VALUES (896, NULL, '_9aPlus', 380);
INSERT INTO testdb.longueur (id, cotation_bloc, cotation_falaise, voie_id) VALUES (897, NULL, '_9aPlus', 381);
INSERT INTO testdb.longueur (id, cotation_bloc, cotation_falaise, voie_id) VALUES (898, NULL, '_9a', 381);
INSERT INTO testdb.longueur (id, cotation_bloc, cotation_falaise, voie_id) VALUES (899, NULL, '_8cPlus', 381);
INSERT INTO testdb.longueur (id, cotation_bloc, cotation_falaise, voie_id) VALUES (900, NULL, '_9a', 381);


--
-- TOC entry 2909 (class 0 OID 405519)
-- Dependencies: 211
-- Data for Name: topo; Type: TABLE DATA; Schema: testdb; Owner: postgres
--

INSERT INTO testdb.topo (id, date_de_parution, description, lieu, nom, owner_id, possessor_id) VALUES (1, '2018-01-04', 'erat neque non quam. Pellentesque habitant morbi tristique senectus et netus et malesuada fames ac turpis egestas. Aliquam fringilla cursus purus. Nullam scelerisque neque sed sem egestas blandit. Nam nulla magna, malesuada vel, convallis in, cursus et, eros. Proin ultrices. Duis volutpat nunc', 34, 'ESCALADE EN MAURIENNE', 1, 1);
INSERT INTO testdb.topo (id, date_de_parution, description, lieu, nom, owner_id, possessor_id) VALUES (2, '2017-04-29', 'odio tristique pharetra. Quisque ac libero nec ligula consectetuer rhoncus. Nullam velit dui, semper et, lacinia vitae, sodales at, velit. Pellentesque ultricies dignissim lacus. Aliquam rutrum lorem ac risus. Morbi metus. Vivamus euismod urna.', 25, 'TOPO DU JURA', 1, 1);
INSERT INTO testdb.topo (id, date_de_parution, description, lieu, nom, owner_id, possessor_id) VALUES (3, '2020-02-07', 'Mauris magna. Duis dignissim tempor arcu. Vestibulum ut eros non enim commodo hendrerit. Donec porttitor tellus non magna. Nam ligula elit, pretium et, rutrum non, hendrerit id, ante. Nunc mauris sapien, cursus in, hendrerit consectetuer, cursus et, magna. Praesent interdum ligula eu enim. Etiam imperdiet dictum magna. Ut tincidunt orci quis lectus. Nullam suscipit, est ac facilisis facilisis, magna tellus faucibus leo, in lobortis tellus justo sit amet nulla. Donec non justo. Proin non massa non ante bibendum ullamcorper. Duis cursus, diam at pretium aliquet, metus urna convallis erat, eget', 34, 'SOMMET DU MONT BLANC', 1, NULL);
INSERT INTO testdb.topo (id, date_de_parution, description, lieu, nom, owner_id, possessor_id) VALUES (4, '2019-07-10', 'urna. Ut tincidunt vehicula risus. Nulla eget metus eu erat semper rutrum. Fusce dolor quam, elementum at, egestas a, scelerisque sed, sapien. Nunc pulvinar arcu et pede. Nunc sed orci lobortis augue scelerisque mollis. Phasellus libero mauris, aliquam eu, accumsan sed, facilisis vitae, orci. Phasellus dapibus quam quis diam. Pellentesque habitant morbi tristique senectus', 20, '49 FALAISES AUTOUR ANNECY', 1, NULL);
INSERT INTO testdb.topo (id, date_de_parution, description, lieu, nom, owner_id, possessor_id) VALUES (5, '2019-04-01', 'et ultrices posuere cubilia Curae; Phasellus ornare. Fusce mollis. Duis sit amet diam eu dolor egestas rhoncus. Proin nisl sem, consequat nec, mollis vitae, posuere at, velit. Cras lorem lorem, luctus ut, pellentesque eget, dictum placerat, augue. Sed molestie. Sed id risus quis diam luctus lobortis. Class aptent taciti sociosqu ad litora torquent per conubia nostra, per inceptos hymenaeos. Mauris ut quam vel sapien', 20, 'VALLEE DE CHAMONIX ESCALADE', 1, NULL);
INSERT INTO testdb.topo (id, date_de_parution, description, lieu, nom, owner_id, possessor_id) VALUES (6, '2020-05-24', 'fringilla mi lacinia mattis. Integer eu lacus. Quisque imperdiet, erat nonummy ultricies ornare, elit elit fermentum risus, at fringilla purus mauris a nunc. In at pede. Cras vulputate velit eu sem. Pellentesque ut ipsum ac mi eleifend egestas. Sed pharetra, felis eget varius ultrices, mauris ipsum porta elit, a feugiat tellus lorem eu metus. In lorem. Donec elementum, lorem ut aliquam iaculis, lacus pede sagittis augue, eu tempor erat neque non quam. Pellentesque habitant morbi tristique senectus et netus et malesuada fames ac turpis egestas. Aliquam fringilla cursus purus. Nullam scelerisque neque sed sem egestas blandit. Nam nulla magna, malesuada', 38, 'VILLES SUR AUZON', 2, 2);
INSERT INTO testdb.topo (id, date_de_parution, description, lieu, nom, owner_id, possessor_id) VALUES (7, '2017-06-04', 'psum dolor sit amet, consectetuer adipiscing elit. Etiam laoreet, libero et tristique pellentesque, tellus sem mollis dui, in sodales elit erat vitae risus. Duis a mi fringilla mi lacinia mattis. Integer eu lacus. Quisque imperdiet, erat nonummy ultricies ornare, elit elit fermentum risus, at fringilla purus mauris a nunc. In at pede. Cras vulputate velit eu sem. Pellentesque ut ipsum ac mi eleifend egestas. Sed pharetra, felis eget varius ultrices, mauris ipsum porta elit, a feugiat', 23, 'ESCALADE EN VALLEE DE L HERAULT', 2, 2);
INSERT INTO testdb.topo (id, date_de_parution, description, lieu, nom, owner_id, possessor_id) VALUES (8, '2018-08-09', 'tristique senectus et netus et malesuada fames ac turpis egestas. Fusce aliquet magna a neque. Nullam ut nisi a odio semper cursus. Integer mollis. Integer tincidunt aliquam arcu. Aliquam ultrices iaculis odio. Nam interdum enim non nisi. Aenean eget metus. In nec orci. Donec nibh. Quisque', 32, 'LA VALLEE D OSSAU', 2, NULL);
INSERT INTO testdb.topo (id, date_de_parution, description, lieu, nom, owner_id, possessor_id) VALUES (9, '2016-01-23', 'lorem. Donec elementum, lorem ut aliquam iaculis, lacus pede sagittis augue, eu tempor erat neque non quam. Pellentesque habitant morbi tristique senectus et netus et malesuada fames ac turpis egestas. Aliquam fringilla cursus purus. Nullam scelerisque neque sed sem egestas blandit. Nam nulla magna, malesuada vel, convallis in, cursus et, eros. Proin ultrices. Duis volutpat nunc sit amet metus. Aliquam erat volutpat. Nulla facilisis. Suspendisse commodo tincidunt nibh. Phasellus nulla. Integer"),("dis parturient montes, nascetur ridiculus mus. Proin vel nisl. Quisque fringilla euismod enim. Etiam gravida molestie arcu. Sed eu nibh vulputate mauris sagittis placerat. Cras dictum ultricies ligula. Nullam enim. Sed nulla ante, iaculis nec, eleifend non, dapibus rutrum, justo. Praesent luctus. Curabitur egestas nunc sed libero. Proin sed turpis nec mauris blandit mattis. Cras', 35, '7+8 FONTAINEBLEAU', 2, NULL);
INSERT INTO testdb.topo (id, date_de_parution, description, lieu, nom, owner_id, possessor_id) VALUES (10, '2019-12-21', 'gravida sagittis. Duis gravida. Praesent eu nulla at sem molestie sodales. Mauris blandit enim consequat purus. Maecenas libero est, congue a, aliquet vel, vulputate eu, odio. Phasellus at augue id ante dictum cursus.', 37, 'CHATEAUDOUBLE', 2, NULL);
INSERT INTO testdb.topo (id, date_de_parution, description, lieu, nom, owner_id, possessor_id) VALUES (11, '2018-01-05', 'iaculis, lacus pede sagittis augue, eu tempor erat neque non quam. Pellentesque habitant morbi tristique senectus et netus et malesuada fames ac turpis egestas. Aliquam fringilla cursus purus. Nullam scelerisque neque sed sem egestas blandit. Nam nulla magna, malesuada vel, convallis in, cursus et, eros. Proin ultrices. Duis volutpat nunc sit amet metus. Aliquam erat volutpat. Nulla facilisis. Suspendisse commodo tincidunt nibh. Phasellus nulla. Integer vulputate, risus a ultricies adipiscing, enim mi tempor', 14, 'ESCALADE DANS LE DIOIS', 3, 3);
INSERT INTO testdb.topo (id, date_de_parution, description, lieu, nom, owner_id, possessor_id) VALUES (12, '2019-03-08', 'dui. Cras pellentesque. Sed dictum. Proin eget odio. Aliquam vulputate ullamcorper magna. Sed eu eros. Nam consequat dolor vitae dolor. Donec fringilla. Donec feugiat metus sit amet ante. Vivamus non lorem vitae odio sagittis semper. Nam tempor diam dictum sapien. Aenean massa. Integer vitae nibh. Donec est mauris, rhoncus id, mollis nec, cursus a, enim. Suspendisse aliquet, sem ut cursus luctus, ipsum leo elementum sem, vitae aliquam eros turpis non enim. Mauris quis turpis vitae purus gravida sagittis. Duis gravida. Praesent eu nulla at sem molestie sodales. Mauris blandit enim consequat purus. Maecenas libero est, congue', 35, 'FONTAINEBLEAU FUN BLOC', 3, 3);
INSERT INTO testdb.topo (id, date_de_parution, description, lieu, nom, owner_id, possessor_id) VALUES (13, '2015-09-04', 'Nullam vitae diam. Proin dolor. Nulla semper tellus id nunc interdum feugiat. Sed nec metus facilisis lorem tristique aliquet. Phasellus fermentum convallis ligula. Donec luctus aliquet odio. Etiam ligula tortor, dictum eu, placerat', 20, 'LES GRANDES JORASSES', 3, NULL);
INSERT INTO testdb.topo (id, date_de_parution, description, lieu, nom, owner_id, possessor_id) VALUES (14, '2017-07-07', 'a nunc. In at pede. Cras vulputate velit eu sem. Pellentesque ut ipsum ac mi eleifend egestas. Sed pharetra, felis eget varius ultrices, mauris ipsum porta elit, a feugiat tellus lorem eu metus. In', 32, 'GUIDE OLLIVIER PYRENEES OCCIDENTALES I ASPE', 3, NULL);
INSERT INTO testdb.topo (id, date_de_parution, description, lieu, nom, owner_id, possessor_id) VALUES (15, '2020-04-05', 'mollis. Duis sit amet diam eu dolor egestas rhoncus. Proin nisl sem, consequat nec, mollis vitae, posuere at, velit. Cras lorem lorem, luctus ut, pellentesque eget, dictum placerat, augue. Sed molestie. Sed id risus quis diam luctus lobortis. Class aptent taciti sociosqu ad litora torquent per conubia nostra, per inceptos hymenaeos. Mauris ut quam vel sapien imperdiet ornare. In faucibus. Morbi vehicula. Pellentesque tincidunt tempus risus. Donec egestas. Duis ac arcu. Nunc mauris. Morbi non sapien molestie orci tincidunt adipiscing. Mauris molestie pharetra nibh. Aliquam ornare, libero at auctor ullamcorper, nisl arcu iaculis enim,', 32, 'GUIDE OLLIVIER PYRENEES OCCIDENTALES II ASPE', 3, NULL);
INSERT INTO testdb.topo (id, date_de_parution, description, lieu, nom, owner_id, possessor_id) VALUES (16, '2018-10-30', 'magna a neque. Nullam ut nisi a odio semper cursus. Integer mollis. Integer tincidunt aliquam arcu. Aliquam ultrices iaculis odio. Nam interdum enim non nisi. Aenean eget metus. In nec orci. Donec nibh. Quisque nonummy ipsum non arcu. Vivamus sit amet risus. Donec egestas. Aliquam nec', 34, 'CASCADES MT BLANC B.ARAVIS V.MONTJOIE T.1', 4, 4);
INSERT INTO testdb.topo (id, date_de_parution, description, lieu, nom, owner_id, possessor_id) VALUES (17, '2017-03-04', 'tincidunt. Donec vitae erat vel pede blandit congue. In scelerisque scelerisque dui. Suspendisse ac metus vitae velit egestas lacinia. Sed congue, elit sed consequat auctor, nunc nulla vulputate dui, nec tempus mauris erat eget ipsum. Suspendisse sagittis. Nullam vitae diam.', 34, 'CASCADES MT BLANC B.ARAVIS V.MONTJOIE T.2', 4, 4);
INSERT INTO testdb.topo (id, date_de_parution, description, lieu, nom, owner_id, possessor_id) VALUES (18, '2019-04-03', 'elementum, lorem ut aliquam iaculis, lacus pede sagittis augue, eu tempor erat neque non quam. Pellentesque habitant morbi tristique senectus et netus et malesuada fames ac turpis egestas. Aliquam fringilla cursus purus. Nullam scelerisque neque sed sem egestas blandit. Nam nulla magna, malesuada vel, convallis in, cursus et, eros. Proin ultrices. Duis volutpat nunc sit amet metus. Aliquam erat volutpat. Nulla facilisis. Suspendisse commodo tincidunt nibh. Phasellus nulla. Integer vulputate, risus a', 2, 'ESCALADE EN ARDECHE', 4, NULL);
INSERT INTO testdb.topo (id, date_de_parution, description, lieu, nom, owner_id, possessor_id) VALUES (19, '2018-02-13', 'sem molestie sodales. Mauris blandit enim consequat purus. Maecenas libero est, congue a, aliquet vel, vulputate eu, odio. Phasellus at augue id ante dictum cursus. Nunc mauris elit, dictum eu, eleifend nec, malesuada ut, sem. Nulla interdum. Curabitur dictum. Phasellus in felis. Nulla tempor augue ac ipsum. Phasellus vitae mauris sit amet lorem', 3, 'LEZARDONS DANS LE COUSERANS', 4, NULL);
INSERT INTO testdb.topo (id, date_de_parution, description, lieu, nom, owner_id, possessor_id) VALUES (20, '2019-06-24', 'Nulla interdum. Curabitur dictum. Phasellus in felis. Nulla tempor augue ac ipsum. Phasellus vitae mauris sit amet lorem semper auctor. Mauris vel turpis. Aliquam adipiscing lobortis risus. In mi pede, nonummy ut, molestie in, tempus eu, ligula. Aenean euismod mauris eu elit. Nulla facilisi. Sed neque. Sed eget lacus. Mauris non dui nec urna suscipit nonummy. Fusce fermentum fermentum arcu. Vestibulum ante ipsum primis in faucibus orci luctus et ultrices posuere cubilia Curae; Phasellus ornare. Fusce mollis. Duis sit amet diam eu dolor egestas rhoncus. Proin nisl sem, consequat nec, mollis vitae, posuere at, velit. Cras lorem lorem, luctus ut,', 35, '5 + 6 FONTAINEBLEAU TOME 2', 4, NULL);


--
-- TOC entry 2910 (class 0 OID 405528)
-- Dependencies: 212
-- Data for Name: topo_booking; Type: TABLE DATA; Schema: testdb; Owner: postgres
--

INSERT INTO testdb.topo_booking (topo_id, utilisateur_id) VALUES (3, 2);
INSERT INTO testdb.topo_booking (topo_id, utilisateur_id) VALUES (3, 4);
INSERT INTO testdb.topo_booking (topo_id, utilisateur_id) VALUES (3, 3);
INSERT INTO testdb.topo_booking (topo_id, utilisateur_id) VALUES (4, 2);
INSERT INTO testdb.topo_booking (topo_id, utilisateur_id) VALUES (5, 4);
INSERT INTO testdb.topo_booking (topo_id, utilisateur_id) VALUES (5, 3);
INSERT INTO testdb.topo_booking (topo_id, utilisateur_id) VALUES (8, 3);
INSERT INTO testdb.topo_booking (topo_id, utilisateur_id) VALUES (8, 1);
INSERT INTO testdb.topo_booking (topo_id, utilisateur_id) VALUES (9, 1);
INSERT INTO testdb.topo_booking (topo_id, utilisateur_id) VALUES (10, 4);
INSERT INTO testdb.topo_booking (topo_id, utilisateur_id) VALUES (13, 4);
INSERT INTO testdb.topo_booking (topo_id, utilisateur_id) VALUES (13, 1);
INSERT INTO testdb.topo_booking (topo_id, utilisateur_id) VALUES (14, 4);
INSERT INTO testdb.topo_booking (topo_id, utilisateur_id) VALUES (15, 2);
INSERT INTO testdb.topo_booking (topo_id, utilisateur_id) VALUES (18, 2);
INSERT INTO testdb.topo_booking (topo_id, utilisateur_id) VALUES (18, 3);
INSERT INTO testdb.topo_booking (topo_id, utilisateur_id) VALUES (18, 1);
INSERT INTO testdb.topo_booking (topo_id, utilisateur_id) VALUES (19, 3);


--
-- TOC entry 2920 (class 0 OID 0)
-- Dependencies: 202
-- Name: commentaire_id_seq; Type: SEQUENCE SET; Schema: testdb; Owner: postgres
--

SELECT pg_catalog.setval('testdb.commentaire_id_seq', 100, true);


--
-- TOC entry 2921 (class 0 OID 0)
-- Dependencies: 204
-- Name: longueur_id_seq; Type: SEQUENCE SET; Schema: testdb; Owner: postgres
--

SELECT pg_catalog.setval('testdb.longueur_id_seq', 900, true);


--
-- TOC entry 2922 (class 0 OID 0)
-- Dependencies: 206
-- Name: secteur_id_seq; Type: SEQUENCE SET; Schema: testdb; Owner: postgres
--

SELECT pg_catalog.setval('testdb.secteur_id_seq', 59, true);


--
-- TOC entry 2923 (class 0 OID 0)
-- Dependencies: 208
-- Name: site_id_seq; Type: SEQUENCE SET; Schema: testdb; Owner: postgres
--

SELECT pg_catalog.setval('testdb.site_id_seq', 20, true);


--
-- TOC entry 2924 (class 0 OID 0)
-- Dependencies: 210
-- Name: topo_id_seq; Type: SEQUENCE SET; Schema: testdb; Owner: postgres
--

SELECT pg_catalog.setval('testdb.topo_id_seq', 20, true);


--
-- TOC entry 2925 (class 0 OID 0)
-- Dependencies: 213
-- Name: utilisateur_id_seq; Type: SEQUENCE SET; Schema: testdb; Owner: postgres
--

SELECT pg_catalog.setval('testdb.utilisateur_id_seq', 4, true);


--
-- TOC entry 2926 (class 0 OID 0)
-- Dependencies: 215
-- Name: voie_id_seq; Type: SEQUENCE SET; Schema: testdb; Owner: postgres
--

SELECT pg_catalog.setval('testdb.voie_id_seq', 381, true);


-- Completed on 2020-06-29 00:24:40

--
-- PostgreSQL database dump complete
--

